step,time_s,satellite,lat_deg,lon_deg,alt_km,battery,sensing,az_cmd_deg,el_cmd_deg
0,0,0,-13.2157,-100.851,557.883,1,0,,
0,0,1,-32.2131,122.183,522.06,1,0,,
0,0,2,-4.06564,-115.204,510.406,1,0,,
0,0,3,-23.8056,52.002,534.069,1,0,,
0,0,4,-1.58333,55.4683,515.729,1,0,,
0,0,5,3.48132,142.214,561.277,1,0,,
0,0,6,-24.004,26.5583,584.003,1,0,,
0,0,7,56.3331,101.448,569.086,1,0,,
1,60,0,-10.3863,-98.5667,557.883,1,0,-29.4421,0
1,60,1,-35.4428,124.326,522.06,1,0,-29.6191,0
1,60,2,-7.78298,-114.652,510.406,1,0,-29.6772,0
1,60,3,-20.9146,54.3894,534.069,1,0,-29.5595,0
1,60,4,1.98217,56.5254,515.729,1,0,-29.6506,0
1,60,5,0.4168,144.144,561.277,1,0,-29.4255,0
1,60,6,-27.6285,27.3412,584.003,0.92,1,32.2182,6.00679
1,60,7,60.0085,99.747,569.086,1,0,-29.3873,0
2,120,0,-7.53728,-96.3282,557.883,1,0,-29.4421,0
2,120,1,-38.6213,126.668,522.06,1,0,-29.6191,0
2,120,2,-11.4988,-114.086,510.406,1,0,-29.6772,0
2,120,3,-17.9847,56.6763,534.069,1,0,-29.5595,0
2,120,4,5.54662,57.5883,515.729,1,0,-29.6506,0
2,120,5,-2.64831,146.072,561.277,1,0,-29.4255,0
2,120,6,-31.2448,28.1948,584.003,0.94,0,-29.3145,0
2,120,7,63.6641,97.6835,569.086,1,0,-29.3873,0
3,180,0,-4.67442,-94.1224,557.883,1,0,-29.4421,0
3,180,1,-41.7374,129.248,522.06,1,0,-29.6191,0
3,180,2,-15.2123,-113.497,510.406,1,0,-29.6772,0
3,180,3,-15.0228,58.8798,534.069,1,0,-29.5595,0
3,180,4,9.10815,58.6671,515.729,1,0,-29.6506,0
3,180,5,-5.70959,148.012,561.277,1,0,-29.4255,0
3,180,6,-34.8509,29.1364,584.003,0.96,0,-29.3145,0
3,180,7,67.2902,95.0852,569.086,1,0,-29.3873,0
4,240,0,-1.80305,-91.9365,557.883,1,0,-29.4421,0
4,240,1,-44.777,132.113,522.06,1,0,-29.6191,0
4,240,2,-18.9225,-112.879,510.406,1,0,-29.6772,0
4,240,3,-12.0354,61.0158,534.069,1,0,-29.5595,0
4,240,4,12.6648,59.7727,515.729,1,0,-29.6506,0
4,240,5,-8.76249,149.974,561.277,1,0,-29.4255,0
4,240,6,-38.4443,30.1872,584.003,0.98,0,-29.3145,0
4,240,7,70.8698,91.6559,569.086,1,0,-29.3873,0
5,300,0,1.07155,-89.7584,557.883,1,0,-29.4421,0
5,300,1,-47.7225,135.319,522.06,1,0,-29.6191,0
5,300,2,-22.6285,-112.22,510.406,1,0,-29.6772,0
5,300,3,-9.02809,63.0992,534.069,1,0,-29.5595,0
5,300,4,16.2143,60.9166,515.729,1,0,-29.6506,0
5,300,5,-11.8023,151.973,561.277,1,0,-29.4255,0
5,300,6,-42.0219,31.3743,584.003,1,0,-29.3145,0
5,300,7,74.371,86.8477,569.086,1,0,-29.3873,0
6,360,0,3.94423,-87.5757,557.883,1,0,-29.4421,0
6,360,1,-50.552,138.93,522.06,1,0,-29.6191,0
6,360,2,-26.3291,-111.512,510.406,1,0,-29.6772,0
6,360,3,-6.00631,65.1438,534.069,1,0,-29.5595,0
6,360,4,19.7544,62.1118,515.729,1,0,-29.6506,0
6,360,5,-14.8241,154.023,561.277,1,0,-29.4255,0
6,360,6,-45.5793,32.7325,584.003,1,0,-29.3145,0
6,360,7,77.7265,79.5609,569.086,1,0,-29.3873,0
7,420,0,6.80976,-85.3761,557.883,1,0,-29.4421,0
7,420,1,-53.2377,143.022,522.06,1,0,-29.6191,0
7,420,2,-30.0229,-110.74,510.406,1,0,-29.6772,0
7,420,3,-2.97509,67.163,534.069,1,0,-29.5595,0
7,420,4,23.2824,63.3725,515.729,1,0,-29.6506,0
7,420,5,-17.8223,156.138,561.277,1,0,-29.4255,0
7,420,6,-49.1111,34.3078,584.003,1,0,-29.3145,0
7,420,7,80.7756,67.4297,569.086,1,0,-29.3873,0
8,480,0,9.66282,-83.1472,557.883,0.92,1,30.5958,7.79341
8,480,1,-55.745,147.674,522.06,1,0,-29.6191,0
8,480,2,-33.7082,-109.889,510.406,1,0,-29.6772,0
8,480,3,0.0607833,69.1698,534.069,1,0,-29.5595,0
8,480,4,26.7951,64.7154,515.729,1,0,-29.6506,0
8,480,5,-20.7911,158.333,561.277,1,0,-29.4255,0
8,480,6,-52.6097,36.1619,584.003,1,0,-29.3145,0
8,480,7,83.0996,45.817,569.086,1,0,-29.3873,0
9,540,0,12.4978,-80.8759,557.883,0.94,0,-29.4421,0
9,540,1,-58.0311,152.967,522.06,1,0,-29.6191,0
9,540,2,-37.3828,-108.939,510.406,1,0,-29.6772,0
9,540,3,3.09656,71.1768,534.069,1,0,-29.5595,0
9,540,4,30.2889,66.1599,515.729,1,0,-29.6506,0
9,540,5,-23.7239,160.625,561.277,1,0,-29.4255,0
9,540,6,-56.0645,38.3794,584.003,1,0,-29.3145,0
9,540,7,83.8179,12.7313,569.086,1,0,-29.3873,0
10,600,0,15.3088,-78.5489,557.883,0.96,0,-29.4421,0
10,600,1,-60.0447,158.968,522.06,1,0,-29.6191,0
10,600,2,-41.0441,-107.866,510.406,1,0,-29.6772,0
10,600,3,6.1275,73.1968,534.069,1,0,-29.5595,0
10,600,4,33.7591,67.7294,515.729,1,0,-29.6506,0
10,600,5,-26.6133,163.034,561.277,1,0,-29.4255,0
10,600,6,-59.4605,41.0787,584.003,1,0,-29.3145,0
10,600,7,82.4569,-17.2722,569.086,1,0,-29.3873,0
11,660,0,18.0895,-76.1521,557.883,0.98,0,-29.4421,0
11,660,1,-61.727,165.709,522.06,1,0,-29.6191,0
11,660,2,-44.6884,-106.636,510.406,1,0,-29.6772,0
11,660,3,9.14879,75.2427,534.069,1,0,-29.5595,0
11,660,4,37.2005,69.452,515.729,1,0,-29.6506,0
11,660,5,-29.4506,165.58,561.277,1,0,-29.4255,0
11,660,6,-62.7752,44.4286,584.003,1,0,-29.3145,0
11,660,7,79.8189,-35.1211,569.086,1,0,-29.3873,0
12,720,0,20.833,-73.6706,557.883,1,0,-29.4421,0
12,720,1,-63.0154,173.157,522.06,1,0,-29.6191,0
12,720,2,-48.311,-105.209,510.406,1,0,-29.6772,0
12,720,3,12.1554,77.3279,534.069,1,0,-29.5595,0
12,720,4,40.606,71.3623,515.729,0.92,1,-18.5755,-1.31996
12,720,5,-32.2262,168.285,561.277,1,0,-29.4255,0
12,720,6,-65.9748,48.6734,584.003,1,0,-29.3145,0
12,720,7,76.6401,-45.2622,569.086,1,0,-29.3873,0
13,780,0,23.5315,-71.0884,557.883,1,0,-29.4421,0
13,780,1,-63.8513,-178.816,522.06,1,0,-29.6191,0
13,780,2,-51.9055,-103.525,510.406,1,0,-29.6772,0
13,780,3,15.1419,79.4664,534.069,1,0,-29.5595,0
13,780,4,43.9669,73.5032,515.729,0.94,0,-29.6506,0
13,780,5,-34.9287,171.173,561.277,1,0,-29.4255,0
13,780,6,-69.0064,54.1668,584.003,0.92,1,29.2865,24.0961
13,780,7,73.2252,-51.5514,569.086,1,0,-29.3873,0
14,840,0,26.1766,-68.3888,557.883,1,0,-29.4421,0
14,840,1,-64.1906,-170.437,522.06,1,0,-29.6191,0
14,840,2,-55.4628,-101.507,510.406,1,0,-29.6772,0
14,840,3,18.1026,81.6729,534.069,1,0,-29.5595,0
14,840,4,47.2719,75.9287,515.729,0.96,0,-29.6506,0
14,840,5,-37.545,174.272,561.277,1,0,-29.4255,0
14,840,6,-71.7856,61.407,584.003,0.94,0,-29.3145,0
14,840,7,69.693,-55.8184,569.086,1,0,-29.3873,0
15,900,0,28.7589,-65.5537,557.883,1,0,-29.4421,0
15,900,1,-64.0136,-162.007,522.06,1,0,-29.6191,0
15,900,2,-58.9698,-99.0414,510.406,1,0,-29.6772,0
15,900,3,21.0312,83.9635,534.069,1,0,-29.5595,0
15,900,4,50.5064,78.707,515.729,0.98,0,-29.6506,0
15,900,5,-40.0599,177.61,561.277,1,0,-29.4255,0
15,900,6,-74.1787,71.0202,584.003,0.96,0,-29.3145,0
15,900,7,66.0955,-58.9285,569.086,1,0,-29.3873,0
16,960,0,31.2675,-62.5645,557.883,1,0,-29.4421,0
16,960,1,-63.3306,-153.84,522.06,1,0,-29.6191,0
16,960,2,-62.4071,-95.9669,510.406,1,0,-29.6772,0
16,960,3,23.9204,86.3553,534.069,1,0,-29.5595,0
16,960,4,53.6509,81.9242,515.729,0.9,1,29.3661,12.5509
16,960,5,-42.4558,-178.784,561.277,1,0,-29.4255,0
16,960,6,-75.9862,83.5447,584.003,0.88,1,34.2695,14.0079
16,960,7,62.4583,-61.3249,569.086,1,0,-29.3873,0
17,1020,0,33.6905,-59.4013,557.883,1,0,-29.4421,0
17,1020,1,-62.1792,-146.191,522.06,0.92,1,39.2048,3.62524
17,1020,2,-65.7449,-92.0438,510.406,1,0,-29.6772,0
17,1020,3,26.7625,88.8671,534.069,1,0,-29.5595,0
17,1020,4,56.6792,85.6895,515.729,0.92,0,-29.6506,0
17,1020,5,-44.7124,-174.881,561.277,1,0,-29.4255,0
17,1020,6,-76.9622,98.7939,584.003,0.9,0,-29.3145,0
17,1020,7,58.7952,-63.2537,569.086,1,0,-29.3873,0
18,1080,0,36.0142,-56.0443,557.883,1,0,-29.4421,0
18,1080,1,-60.6145,-139.219,522.06,0.94,0,-29.6191,0
18,1080,2,-68.9355,-86.9125,510.406,1,0,-29.6772,0
18,1080,3,29.5483,91.5192,534.069,1,0,-29.5595,0
18,1080,4,59.5561,90.1379,515.729,0.94,0,-29.6506,0
18,1080,5,-46.8065,-170.653,561.277,0.92,1,33.7308,-5.38823
18,1080,6,-76.9191,115.158,584.003,0.92,0,-29.3145,0
18,1080,7,55.1146,-64.861,569.086,1,0,-29.3873,0
19,1140,0,38.2235,-52.4736,557.883,1,0,-29.4421,0
19,1140,1,-58.6989,-132.985,522.06,0.96,0,-29.6191,0
19,1140,2,-71.9007,-80.0385,510.406,1,0,-29.6772,0
19,1140,3,32.2674,94.334,534.069,1,0,-29.5595,0
19,1140,4,62.234,95.4305,515.729,0.96,0,-29.6506,0
19,1140,5,-48.7121,-166.08,561.277,0.94,0,-29.4255,0
19,1140,6,-75.8662,130.224,584.003,0.94,0,-29.3145,0
19,1140,7,51.4215,-66.2387,569.086,1,0,-29.3873,0
20,1200,0,40.3013,-48.671,557.883,1,0,-29.4421,0
20,1200,1,-56.4928,-127.475,522.06,0.98,0,-29.6191,0
20,1200,2,-74.5102,-70.6805,510.406,1,0,-29.6772,0
20,1200,3,34.908,97.3353,534.069,1,0,-29.5595,0
20,1200,4,64.6491,101.744,515.729,0.98,0,-29.6506,0
20,1200,5,-50.4012,-161.149,561.277,0.96,0,-29.4255,0
20,1200,6,-74.0018,142.501,584.003,0.96,0,-29.3145,0
20,1200,7,47.7192,-67.4476,569.086,1,0,-29.3873,0
21,1260,0,42.2289,-44.6209,557.883,1,0,-29.4421,0
21,1260,1,-54.0503,-122.629,522.06,1,0,-29.6191,0
21,1260,2,-76.5553,-58.0443,510.406,1,0,-29.6772,0
21,1260,3,37.4563,100.549,534.069,0.92,1,37.6344,5.80576
21,1260,4,66.7192,109.237,515.729,1,0,-29.6506,0
21,1260,5,-51.844,-155.865,561.277,0.98,0,-29.4255,0
21,1260,6,-71.5706,151.896,584.003,0.98,0,-29.3145,0
21,1260,7,44.01,-68.529,569.086,1,0,-29.3873,0
22,1320,0,43.986,-40.3123,557.883,1,0,-29.4421,0
22,1320,1,-51.4168,-118.369,522.06,1,0,-29.6191,0
22,1320,2,-77.7498,-41.9918,510.406,1,0,-29.6772,0
22,1320,3,39.8964,104.001,534.069,0.94,0,-29.5595,0
22,1320,4,68.3448,117.981,515.729,1,0,-29.6506,0
22,1320,5,-53.011,-150.251,561.277,1,0,-29.4255,0
22,1320,6,-68.7665,158.971,584.003,0.9,1,-3.47324,-24.0192
22,1320,7,40.2954,-69.5124,569.086,1,0,-29.3873,0
23,1380,0,45.5512,-35.7415,557.883,1,0,-29.4421,0
23,1380,1,-48.6294,-114.615,522.06,1,0,-29.6191,0
23,1380,2,-77.8402,-24.1917,510.406,0.92,1,25.9478,14.5121
23,1380,3,42.2102,107.72,534.069,0.96,0,-29.5595,0
23,1380,4,69.4199,127.855,515.729,1,0,-29.6506,0
23,1380,5,-53.8748,-144.355,561.277,1,0,-29.4255,0
23,1380,6,-65.7186,164.346,584.003,0.82,1,-34.4365,-9.61362
23,1380,7,36.5767,-70.4194,569.086,1,0,-29.3873,0
24,1440,0,46.9025,-30.9141,557.883,1,0,-29.4421,0
24,1440,1,-45.7179,-111.288,522.06,1,0,-29.6191,0
24,1440,2,-76.8038,-7.70395,510.406,0.94,0,-29.6772,0
24,1440,3,44.377,111.731,534.069,0.98,0,-29.5595,0
24,1440,4,69.8561,138.461,515.729,1,0,-29.6506,0
24,1440,5,-54.413,-138.25,561.277,1,0,-29.4255,0
24,1440,6,-62.5079,168.506,584.003,0.84,0,-29.3145,0
24,1440,7,32.8548,-71.2659,569.086,1,0,-29.3873,0
25,1500,0,48.0184,-25.8477,557.883,1,0,-29.4421,0
25,1500,1,-42.7059,-108.322,522.06,1,0,-29.6191,0
25,1500,2,-74.8706,5.48573,510.406,0.96,0,-29.6772,0
25,1500,3,46.3736,116.055,534.069,0.9,1,-9.19611,20.4132
25,1500,4,69.6122,149.167,515.729,1,0,-29.6506,0
25,1500,5,-54.6104,-132.03,561.277,1,0,-29.4255,0
25,1500,6,-59.1854,171.795,584.003,0.86,0,-29.3145,0
25,1500,7,29.1302,-72.0644,569.086,1,0,-29.3873,0
26,1560,0,48.8789,-20.5739,557.883,1,0,-29.4421,0
26,1560,1,-39.6124,-105.658,522.06,1,0,-29.6191,0
26,1560,2,-72.3326,15.3041,510.406,0.98,0,-29.6772,0
26,1560,3,48.1743,120.709,534.069,0.92,0,-29.5595,0
26,1560,4,68.7117,159.302,515.729,1,0,-29.6506,0
26,1560,5,-54.4613,-125.802,561.277,1,0,-29.4255,0
26,1560,6,-55.7839,174.449,584.003,0.88,0,-29.3145,0
26,1560,7,25.4036,-72.8245,569.086,1,0,-29.3873,0
27,1620,0,49.4672,-15.1379,557.883,1,0,-29.4421,0
27,1620,1,-36.4522,-103.245,522.06,1,0,-29.6191,0
27,1620,2,-69.4123,22.5096,510.406,1,0,-29.6772,0
27,1620,3,49.7519,125.697,534.069,0.94,0,-29.5595,0
27,1620,4,67.2324,168.392,515.729,1,0,-29.6506,0
27,1620,5,-53.97,-119.675,561.277,1,0,-29.4255,0
27,1620,6,-52.325,176.633,584.003,0.9,0,-29.3145,0
27,1620,7,21.6753,-73.554,569.086,1,0,-29.3873,0
28,1680,0,49.7711,-9.59759,557.883,1,0,-29.4421,0
28,1680,1,-33.2376,-101.043,522.06,1,0,-29.6191,0
28,1680,2,-66.2505,27.8708,510.406,1,0,-29.6772,0
28,1680,3,51.0782,131.007,534.069,0.96,0,-29.5595,0
28,1680,4,65.2782,176.24,515.729,1,0,-29.6506,0
28,1680,5,-53.1505,-113.745,561.277,1,0,-29.4255,0
28,1680,6,-48.8234,178.462,584.003,0.92,0,-29.3145,0
28,1680,7,17.9458,-74.2593,569.086,1,0,-29.3873,0
29,1740,0,49.7838,-4.01943,557.883,1,0,-29.4421,0
29,1740,1,-29.9782,-99.0164,522.06,1,0,-29.6191,0
29,1740,2,-62.9318,31.9539,510.406,1,0,-29.6772,0
29,1740,3,52.1263,136.61,534.069,0.98,0,-29.5595,0
29,1740,4,62.9522,-177.124,515.729,1,0,-29.6506,0
29,1740,5,-52.0243,-108.088,561.277,1,0,-29.4255,0
29,1740,6,-45.2892,-179.983,584.003,0.94,0,-29.3145,0
29,1740,7,14.2152,-74.9459,569.086,1,0,-29.3873,0
30,1800,0,49.5052,1.52695,557.883,1,0,-29.4421,0
30,1800,1,-26.6822,-97.1352,522.06,1,0,-29.6191,0
30,1800,2,-59.5076,35.1417,510.406,1,0,-29.6772,0
30,1800,3,52.8719,142.453,534.069,1,0,-29.5595,0
30,1800,4,60.3419,-171.559,515.729,1,0,-29.6506,0
30,1800,5,-50.6183,-102.756,561.277,1,0,-29.4255,0
30,1800,6,-41.7299,-178.64,584.003,0.96,0,-29.3145,0
30,1800,7,10.4838,-75.6183,569.086,1,0,-29.3873,0
31,1860,0,48.9412,6.97444,557.883,1,0,-29.4421,0
31,1860,1,-23.3562,-95.3746,522.06,1,0,-29.6191,0
31,1860,2,-56.0099,37.6893,510.406,1,0,-29.6772,0
31,1860,3,53.2963,148.462,534.069,1,0,-29.5595,0
31,1860,4,57.5163,-166.887,515.729,1,0,-29.6506,0
31,1860,5,-48.9619,-97.7754,561.277,1,0,-29.4255,0
31,1860,6,-38.151,-177.466,584.003,0.88,1,-29.9444,24.7523
31,1860,7,6.75194,-76.2806,569.086,1,0,-29.3873,0
32,1920,0,48.1038,12.2644,557.883,1,0,-29.4421,0
32,1920,1,-20.0057,-93.7127,522.06,1,0,-29.6191,0
32,1920,2,-52.4595,39.7687,510.406,1,0,-29.6772,0
32,1920,3,53.3879,154.547,534.069,1,0,-29.5595,0
32,1920,4,54.527,-162.942,515.729,1,0,-29.6506,0
32,1920,5,-47.0847,-93.1525,561.277,1,0,-29.4255,0
32,1920,6,-34.5564,-176.425,584.003,0.799999,1,-34.2246,-2.35201
32,1920,7,3.01971,-76.9366,569.086,1,0,-29.3873,0
33,1980,0,47.0095,17.3503,557.883,1,0,-29.4421,0
33,1980,1,-16.6355,-92.1309,522.06,1,0,-29.6191,0
33,1980,2,-48.8701,41.4982,510.406,1,0,-29.6772,0
33,1980,3,53.1444,160.61,534.069,1,0,-29.5595,0
33,1980,4,51.4126,-159.581,515.729,1,0,-29.6506,0
33,1980,5,-45.0154,-88.8776,561.277,1,0,-29.4255,0
33,1980,6,-30.9494,-175.491,584.003,0.819999,0,-29.3145,0
33,1980,7,-0.712665,-77.5898,569.086,1,0,-29.3873,0
34,2040,0,45.6778,22.1995,557.883,1,0,-29.4421,0
34,2040,1,-13.2499,-90.6126,522.06,1,0,-29.6191,0
34,2040,2,-45.2513,42.9613,510.406,1,0,-29.6772,0
34,2040,3,52.5724,166.554,534.069,1,0,-29.5595,0
34,2040,4,48.2016,-156.687,515.729,1,0,-29.6506,0
34,2040,5,-42.7801,-84.9304,561.277,1,0,-29.4255,0
34,2040,6,-27.3323,-174.644,584.003,0.839999,0,-29.3145,0
34,2040,7,-4.44501,-78.2437,569.086,1,0,-29.3873,0
35,2100,0,44.1304,26.7931,557.883,0.92,1,12.1072,24.2059
35,2100,1,-9.85234,-89.1429,522.06,1,0,-29.6191,0
35,2100,2,-41.61,44.2182,510.406,1,0,-29.6772,0
35,2100,3,51.6869,172.296,534.069,1,0,-29.5595,0
35,2100,4,44.9149,-154.169,515.729,1,0,-29.6506,0
35,2100,5,-40.4023,-81.2847,561.277,1,0,-29.4255,0
35,2100,6,-23.7072,-173.866,584.003,0.859999,0,-29.3145,0
35,2100,7,-8.17715,-78.9017,569.086,1,0,-29.3873,0
36,2160,0,42.3891,31.1244,557.883,0.94,0,-29.4421,0
36,2160,1,-6.44631,-87.7084,522.06,1,0,-29.6191,0
36,2160,2,-37.9512,45.3135,510.406,1,0,-29.6772,0
36,2160,3,50.5093,177.771,534.069,1,0,-29.5595,0
36,2160,4,41.5687,-151.953,515.729,1,0,-29.6506,0
36,2160,5,-37.9029,-77.9113,561.277,1,0,-29.4255,0
36,2160,6,-20.0757,-173.144,584.003,0.879999,0,-29.3145,0
36,2160,7,-11.9089,-79.5674,569.086,1,0,-29.3873,0
37,2220,0,40.4756,35.1967,557.883,0.96,0,-29.4421,0
37,2220,1,-3.0348,-86.2964,522.06,1,0,-29.6191,0
37,2220,2,-34.2784,46.2807,510.406,1,0,-29.6772,0
37,2220,3,49.0655,-177.062,534.069,1,0,-29.5595,0
37,2220,4,38.1749,-149.982,515.729,1,0,-29.6506,0
37,2220,5,-35.2998,-74.7808,561.277,1,0,-29.4255,0
37,2220,6,-16.4391,-172.466,584.003,0.899999,0,-29.3145,0
37,2220,7,-15.6399,-80.2447,569.086,1,0,-29.3873,0
38,2280,0,38.4101,39.0204,557.883,0.98,0,-29.4421,0
38,2280,1,0.379217,-84.895,522.06,1,0,-29.6191,0
38,2280,2,-30.5946,47.1457,510.406,1,0,-29.6772,0
38,2280,3,47.3832,-172.226,534.069,1,0,-29.5595,0
38,2280,4,34.743,-148.21,515.729,1,0,-29.6506,0
38,2280,5,-32.6085,-71.8646,561.277,1,0,-29.4255,0
38,2280,6,-12.7986,-171.822,584.003,0.919999,0,-29.3145,0
38,2280,7,-19.3702,-80.9378,569.086,1,0,-29.3873,0
39,2340,0,36.2116,42.6105,557.883,1,0,-29.4421,0
39,2340,1,3.79294,-83.4922,522.06,1,0,-29.6191,0
39,2340,2,-26.902,47.9287,510.406,1,0,-29.6772,0
39,2340,3,45.4903,-167.723,534.069,1,0,-29.5595,0
39,2340,4,31.2803,-146.6,515.729,1,0,-29.6506,0
39,2340,5,-29.8424,-69.1357,561.277,1,0,-29.4255,0
39,2340,6,-9.15511,-171.204,584.003,0.939999,0,-29.3145,0
39,2340,7,-23.0993,-81.6517,569.086,1,0,-29.3873,0
40,2400,0,33.8972,45.9854,557.883,1,0,-29.4421,0
40,2400,1,7.2035,-82.0763,522.06,1,0,-29.6191,0
40,2400,2,-23.2024,48.6461,510.406,1,0,-29.6772,0
40,2400,3,43.4135,-163.543,534.069,1,0,-29.5595,0
40,2400,4,27.7928,-145.122,515.729,1,0,-29.6506,0
40,2400,5,-27.0131,-66.5692,561.277,1,0,-29.4255,0
40,2400,6,-5.50963,-170.604,584.003,0.959999,0,-29.3145,0
40,2400,7,-26.827,-82.3921,569.086,1,0,-29.3873,0
41,2460,0,31.4823,49.1647,557.883,1,0,-29.4421,0
41,2460,1,10.6079,-80.6351,522.06,1,0,-29.6191,0
41,2460,2,-19.4971,49.3113,510.406,1,0,-29.6772,0
41,2460,3,41.1772,-159.668,534.069,1,0,-29.5595,0
41,2460,4,24.2851,-143.752,515.729,1,0,-29.6506,0
41,2460,5,-24.1305,-64.1424,561.277,1,0,-29.4255,0
41,2460,6,-1.86292,-170.014,584.003,0.979999,0,-29.3145,0
41,2460,7,-30.5528,-83.1658,569.086,1,0,-29.3873,0
42,2520,0,28.9807,52.1683,557.883,1,0,-29.4421,0
42,2520,1,14.0031,-79.1558,522.06,1,0,-29.6191,0
42,2520,2,-15.7874,49.9354,510.406,1,0,-29.6772,0
42,2520,3,38.8037,-156.073,534.069,1,0,-29.5595,0
42,2520,4,20.7611,-142.47,515.729,1,0,-29.6506,0
42,2520,5,-21.2033,-61.8346,561.277,1,0,-29.4255,0
42,2520,6,1.78415,-169.427,584.003,0.999999,0,-29.3145,0
42,2520,7,-34.2765,-83.9814,569.086,1,0,-29.3873,0
43,2580,0,26.4044,55.016,557.883,1,0,-29.4421,0
43,2580,1,17.3856,-77.6248,522.06,1,0,-29.6191,0
43,2580,2,-12.0744,50.528,510.406,1,0,-29.6772,0
43,2580,3,36.3124,-152.733,534.069,1,0,-29.5595,0
43,2580,4,17.2242,-141.258,515.729,1,0,-29.6506,0
43,2580,5,-18.2391,-59.6269,561.277,1,0,-29.4255,0
43,2580,6,5.43085,-168.837,584.003,1,0,-29.3145,0
43,2580,7,-37.9973,-84.8494,569.086,1,0,-29.3873,0
44,2640,0,23.7643,57.7267,557.883,1,0,-29.4421,0
44,2640,1,20.7518,-76.0267,522.06,1,0,-29.6191,0
44,2640,2,-8.35891,51.0975,510.406,1,0,-29.6772,0
44,2640,3,33.7204,-149.619,534.069,1,0,-29.5595,0
44,2640,4,13.6771,-140.101,515.729,1,0,-29.6506,0
44,2640,5,-15.2446,-57.5021,561.277,1,0,-29.4255,0
44,2640,6,9.07637,-168.237,584.003,1,0,-29.3145,0
44,2640,7,-41.7145,-85.7834,569.086,1,0,-29.3873,0
45,2700,0,21.0701,60.3184,557.883,1,0,-29.4421,0
45,2700,1,24.0973,-74.3445,522.06,1,0,-29.6191,0
45,2700,2,-4.64177,51.6515,510.406,1,0,-29.6772,0
45,2700,3,31.0425,-146.705,534.069,1,0,-29.5595,0
45,2700,4,10.1222,-138.985,515.729,1,0,-29.6506,0
45,2700,5,-12.2258,-55.4443,561.277,1,0,-29.4255,0
45,2700,6,12.7199,-167.619,584.003,1,0,-29.3145,0
45,2700,7,-45.4272,-86.8013,569.086,1,0,-29.3873,0
46,2760,0,18.3303,62.8081,557.883,1,0,-29.4421,0
46,2760,1,27.4172,-72.5591,522.06,1,0,-29.6191,0
46,2760,2,-0.92372,52.197,510.406,1,0,-29.6772,0
46,2760,3,28.2918,-143.967,534.069,1,0,-29.5595,0
46,2760,4,6.56187,-137.9,515.729,1,0,-29.6506,0
46,2760,5,-9.18817,-53.4388,561.277,1,0,-29.4255,0
46,2760,6,16.3605,-166.976,584.003,1,0,-29.3145,0
46,2760,7,-49.134,-87.9274,569.086,1,0,-29.3873,0
47,2820,0,15.5525,65.2117,557.883,1,0,-29.4421,0
47,2820,1,30.7057,-70.6479,522.06,1,0,-29.6191,0
47,2820,2,2.79453,52.7409,510.406,1,0,-29.6772,0
47,2820,3,25.4793,-141.381,534.069,1,0,-29.5595,0
47,2820,4,2.99807,-136.834,515.729,0.92,1,-22.2623,21.8759
47,2820,5,-6.13681,-51.4718,561.277,1,0,-29.4255,0
47,2820,6,19.9972,-166.299,584.003,1,0,-29.3145,0
47,2820,7,-52.8331,-89.195,569.086,1,0,-29.3873,0
48,2880,0,12.7439,67.5442,557.883,1,0,-29.4421,0
48,2880,1,33.9558,-68.585,522.06,1,0,-29.6191,0
48,2880,2,6.51222,53.2898,510.406,1,0,-29.6772,0
48,2880,3,22.6148,-138.926,534.069,1,0,-29.5595,0
48,2880,4,-0.567342,-135.776,515.729,0.94,0,-29.6506,0
48,2880,5,-3.07644,-49.5301,561.277,1,0,-29.4255,0
48,2880,6,23.6288,-165.578,584.003,1,0,-29.3145,0
48,2880,7,-56.5219,-90.6519,569.086,1,0,-29.3873,0
49,2940,0,9.91075,69.8198,557.883,1,0,-29.4421,0
49,2940,1,37.1593,-66.3395,522.06,1,0,-29.6191,0
49,2940,2,10.2286,53.8507,510.406,1,0,-29.6772,0
49,2940,3,19.7068,-136.582,534.069,1,0,-29.5595,0
49,2940,4,-4.13241,-134.716,515.729,0.96,0,-29.6506,0
49,2940,5,-0.0115961,-47.601,561.277,1,0,-29.4255,0
49,2940,6,27.2541,-164.802,584.003,1,0,-29.3145,0
49,2940,7,-60.1965,-92.3688,569.086,1,0,-29.3873,0
50,3000,0,7.05906,72.0519,557.883,1,0,-29.4421,0
50,3000,1,40.3058,-63.875,522.06,1,0,-29.6191,0
50,3000,2,13.943,54.4308,510.406,1,0,-29.6772,0
50,3000,3,16.7628,-134.332,534.069,1,0,-29.5595,0
50,3000,4,-7.69536,-133.645,515.729,0.98,0,-29.6506,0
50,3000,5,3.05329,-45.6719,561.277,1,0,-29.4255,0
50,3000,6,30.8713,-163.956,584.003,1,0,-29.3145,0
50,3000,7,-63.8509,-94.4549,569.086,1,0,-29.3873,0
51,3060,0,4.19436,74.2536,557.883,1,0,-29.4421,0
51,3060,1,43.3826,-61.1481,522.06,1,0,-29.6191,0
51,3060,2,17.6544,55.0382,510.406,0.92,1,-24.2784,-4.91987
51,3060,3,13.7896,-132.158,534.069,1,0,-29.5595,0
51,3060,4,-11.2541,-132.552,515.729,1,0,-29.6506,0
51,3060,5,6.11371,-43.7304,561.277,0.92,1,7.67236,-24.4036
51,3060,6,34.4786,-163.024,584.003,1,0,-29.3145,0
51,3060,7,-67.4751,-97.0871,569.086,1,0,-29.3873,0
52,3120,0,1.32211,76.4373,557.883,1,0,-29.4421,0
52,3120,1,46.3741,-58.1072,522.06,1,0,-29.6191,0
52,3120,2,21.362,55.6816,510.406,0.84,1,-33.5668,-23.4388
52,3120,3,10.7933,-130.046,534.069,1,0,-29.5595,0
52,3120,4,-14.8068,-131.424,515.729,1,0,-29.6506,0
52,3120,5,9.16515,-41.7636,561.277,0.94,0,-29.4255,0
52,3120,6,38.0735,-161.986,584.003,1,0,-29.3145,0
52,3120,7,-71.0516,-100.571,569.086,1,0,-29.3873,0
53,3180,0,-1.55253,78.6153,557.883,1,0,-29.4421,0
53,3180,1,49.2603,-54.6919,522.06,1,0,-29.6191,0
53,3180,2,25.0646,56.3716,510.406,0.86,0,-29.6772,0
53,3180,3,7.7794,-127.98,534.069,1,0,-29.5595,0
53,3180,4,-18.3509,-130.251,515.729,1,0,-29.6506,0
53,3180,5,12.2029,-39.7585,561.277,0.96,0,-29.4255,0
53,3180,6,41.6528,-160.814,584.003,1,0,-29.3145,0
53,3180,7,-74.5474,-105.472,569.086,1,0,-29.3873,0
54,3240,0,-4.42436,80.7999,557.883,1,0,-29.4421,0
54,3240,1,52.0163,-50.8321,522.06,1,0,-29.6191,0
54,3240,2,28.7609,57.1202,510.406,0.88,0,-29.6772,0
54,3240,3,4.75311,-125.948,534.069,1,0,-29.5595,0
54,3240,4,-21.8841,-129.018,515.729,1,0,-29.6506,0
54,3240,5,15.2218,-37.7012,561.277,0.98,0,-29.4255,0
54,3240,6,45.2126,-159.476,584.003,1,0,-29.3145,0
54,3240,7,-77.8923,-112.935,569.086,1,0,-29.3873,0
55,3300,0,-7.28818,83.0036,557.883,1,0,-29.4421,0
55,3300,1,54.6108,-46.4495,522.06,1,0,-29.6191,0
55,3300,2,32.4493,57.9422,510.406,0.9,0,-29.6772,0
55,3300,3,1.71937,-123.935,534.069,1,0,-29.5595,0
55,3300,4,-25.4032,-127.71,515.729,1,0,-29.6506,0
55,3300,5,18.2165,-35.5769,561.277,1,0,-29.4255,0
55,3300,6,48.7473,-157.926,584.003,1,0,-29.3145,0
55,3300,7,-80.9179,-125.418,569.086,0.92,1,-16.6128,17.9859
56,3360,0,-10.1386,85.2387,557.883,1,0,-29.4421,0
56,3360,1,57.0051,-41.4623,522.06,1,0,-29.6191,0
56,3360,2,36.1279,58.8558,510.406,0.92,0,-29.6772,0
56,3360,3,-1.31703,-121.93,534.069,1,0,-29.5595,0
56,3360,4,-28.905,-126.308,515.729,1,0,-29.6506,0
56,3360,5,21.181,-33.3699,561.277,1,0,-29.4255,0
56,3360,6,52.2498,-156.104,584.003,1,0,-29.3145,0
56,3360,7,-83.1845,-147.663,569.086,0.94,0,-29.3873,0
57,3420,0,-12.97,87.5183,557.883,1,0,-29.4421,0
57,3420,1,59.1515,-35.795,522.06,1,0,-29.6191,0
57,3420,2,39.7941,59.8837,510.406,0.94,0,-29.6772,0
57,3420,3,-4.35135,-119.919,534.069,1,0,-29.5595,0
57,3420,4,-32.3852,-124.792,515.729,1,0,-29.6506,0
57,3420,5,24.1085,-31.0629,561.277,1,0,-29.4255,0
57,3420,6,55.7097,-153.929,584.003,1,0,-29.3145,0
57,3420,7,-83.7957,178.926,569.086,0.96,0,-29.3873,0
58,3480,0,-15.7764,89.856,557.883,1,0,-29.4421,0
58,3480,1,60.9946,-29.3962,522.06,1,0,-29.6191,0
58,3480,2,43.4446,61.0556,510.406,0.96,0,-29.6772,0
58,3480,3,-7.37891,-117.89,534.069,1,0,-29.5595,0
58,3480,4,-35.8388,-123.134,515.729,1,0,-29.6506,0
58,3480,5,26.9915,-28.6371,561.277,1,0,-29.4255,0
58,3480,6,59.1127,-151.286,584.003,1,0,-29.3145,0
58,3480,7,-82.3441,149.516,569.086,0.98,0,-29.3873,0
59,3540,0,-18.5514,92.2659,557.883,1,0,-29.4421,0
59,3540,1,62.4728,-22.2657,522.06,1,0,-29.6191,0
59,3540,2,47.0753,62.4099,510.406,0.98,0,-29.6772,0
59,3540,3,-10.3948,-115.829,534.069,1,0,-29.5595,0
59,3540,4,-39.2594,-121.302,515.729,1,0,-29.6506,0
59,3540,5,29.8212,-26.0718,561.277,1,0,-29.4255,0
59,3540,6,62.4371,-148.013,584.003,1,0,-29.3145,0
59,3540,7,-79.6652,132.196,569.086,1,0,-29.3873,0
60,3600,0,-21.2879,94.7632,557.883,1,0,-29.4421,0
60,3600,1,63.5245,-14.484,522.06,1,0,-29.6191,0
60,3600,2,50.6803,63.9982,510.406,1,0,-29.6772,0
60,3600,3,-13.3937,-113.724,534.069,1,0,-29.5595,0
60,3600,4,-42.6392,-119.259,515.729,1,0,-29.6506,0
60,3600,5,32.5878,-23.3441,561.277,1,0,-29.4255,0
60,3600,6,65.6507,-143.875,584.003,1,0,-29.3145,0
60,3600,7,-76.4693,122.323,569.086,1,0,-29.3873,0
61,3660,0,-23.9781,97.3638,557.883,1,0,-29.4421,0
61,3660,1,64.0974,-6.23334,522.06,1,0,-29.6191,0
61,3660,2,54.2515,65.8915,510.406,1,0,-29.6772,0
61,3660,3,-16.3703,-111.559,534.069,1,0,-29.5595,0
61,3660,4,-45.9679,-116.953,515.729,1,0,-29.6506,0
61,3660,5,35.2797,-20.4294,561.277,1,0,-29.4255,0
61,3660,6,68.7029,-138.531,584.003,1,0,-29.3145,0
61,3660,7,-73.0463,116.171,569.086,1,0,-29.3873,0
62,3720,0,-26.6134,100.085,557.883,1,0,-29.4421,0
62,3720,1,64.1596,2.2129,522.06,1,0,-29.6191,0
62,3720,2,57.7775,68.1888,510.406,1,0,-29.6772,0
62,3720,3,-19.3185,-109.32,534.069,1,0,-29.5595,0
62,3720,4,-49.2325,-114.324,515.729,1,0,-29.6506,0
62,3720,5,37.8836,-17.3007,561.277,1,0,-29.4255,0
62,3720,6,71.5134,-131.499,584.003,1,0,-29.3145,0
62,3720,7,-69.5098,111.979,569.086,1,0,-29.3873,0
63,3780,0,-29.1841,102.944,557.883,1,0,-29.4421,0
63,3780,1,63.7073,10.5381,522.06,1,0,-29.6191,0
63,3780,2,61.2414,71.0327,510.406,1,0,-29.6772,0
63,3780,3,-22.2317,-106.989,534.069,1,0,-29.5595,0
63,3780,4,-52.4154,-111.293,515.729,1,0,-29.6506,0
63,3780,5,40.3839,-13.9292,561.277,1,0,-29.4255,0
63,3780,6,73.9545,-122.161,584.003,0.92,1,38.6295,1.18836
63,3780,7,-65.9098,108.914,569.086,1,0,-29.3873,0
64,3840,0,-31.6793,105.961,557.883,1,0,-29.4421,0
64,3840,1,62.7664,18.4529,522.06,1,0,-29.6191,0
64,3840,2,64.6174,74.6323,510.406,1,0,-29.6772,0
64,3840,3,-25.1025,-104.55,534.069,1,0,-29.5595,0
64,3840,4,-55.4934,-107.76,515.729,1,0,-29.6506,0
64,3840,5,42.7626,-10.2856,561.277,1,0,-29.4255,0
64,3840,6,75.8336,-109.949,584.003,0.94,0,-29.3145,0
64,3840,7,-62.271,106.546,569.086,1,0,-29.3873,0
65,3900,0,-34.0867,109.155,557.883,1,0,-29.4421,0
65,3900,1,61.3851,25.7508,522.06,1,0,-29.6191,0
65,3900,2,67.8653,79.3005,510.406,1,0,-29.6772,0
65,3900,3,-27.9224,-101.983,534.069,1,0,-29.5595,0
65,3900,4,-58.4353,-103.601,515.729,1,0,-29.6506,0
65,3900,5,44.9991,-6.34083,561.277,1,0,-29.4255,0
65,3900,6,76.9065,-94.9325,584.003,0.96,0,-29.3145,0
65,3900,7,-58.6069,104.637,569.086,1,0,-29.3873,0
66,3960,0,-36.3923,112.547,557.883,1,0,-29.4421,0
66,3960,1,59.6239,32.3277,522.06,0.92,1,-15.0831,-12.4048
66,3960,2,70.919,85.5054,510.406,1,0,-29.6772,0
66,3960,3,-30.6819,-99.2665,534.069,1,0,-29.5595,0
66,3960,4,-61.1988,-98.6636,515.729,1,0,-29.6506,0
66,3960,5,47.0698,-2.06846,561.277,1,0,-29.4255,0
66,3960,6,76.9724,-78.5719,584.003,0.98,0,-29.3145,0
66,3960,7,-54.9256,103.043,569.086,1,0,-29.3873,0
67,4020,0,-38.5808,116.155,557.883,1,0,-29.4421,0
67,4020,1,57.5449,38.1673,522.06,0.94,0,-29.6191,0
67,4020,2,73.6692,93.9201,510.406,1,0,-29.6772,0
67,4020,3,-33.3701,-96.3776,534.069,1,0,-29.5595,0
67,4020,4,-63.727,-92.7763,515.729,1,0,-29.6506,0
67,4020,5,48.9485,2.55165,561.277,1,0,-29.4255,0
67,4020,6,76.017,-63.2761,584.003,1,0,-29.3145,0
67,4020,7,-51.2319,101.676,569.086,1,0,-29.3873,0
68,4080,0,-40.6348,119.998,557.883,1,0,-29.4421,0
68,4080,1,55.2055,43.3115,522.06,0.96,0,-29.6191,0
68,4080,2,75.9364,105.363,510.406,1,0,-29.6772,0
68,4080,3,-35.9743,-93.2916,534.069,1,0,-29.5595,0
68,4080,4,-65.9451,-85.7666,515.729,1,0,-29.6506,0
68,4080,5,50.6067,7.52938,561.277,1,0,-29.4255,0
68,4080,6,74.2248,-50.6865,584.003,1,0,-29.3145,0
68,4080,7,-47.5291,100.474,569.086,1,0,-29.3873,0
69,4140,0,-42.5353,124.091,557.883,1,0,-29.4421,0
69,4140,1,52.6552,47.8318,522.06,0.98,0,-29.6191,0
69,4140,2,77.4558,120.325,510.406,1,0,-29.6772,0
69,4140,3,-38.4799,-89.9824,534.069,1,0,-29.5595,0
69,4140,4,-67.7598,-77.5178,515.729,1,0,-29.6506,0
69,4140,5,52.0147,12.8589,561.277,1,0,-29.4255,0
69,4140,6,71.842,-41.015,584.003,1,0,-29.3145,0
69,4140,7,-43.8196,99.3984,569.086,1,0,-29.3873,0
70,4200,0,-44.2619,128.443,557.883,1,0,-29.4421,0
70,4200,1,49.9348,51.8098,522.06,0.9,1,12.9502,24.3733
70,4200,2,77.9413,137.846,510.406,1,0,-29.6772,0
70,4200,3,-40.8701,-86.4229,534.069,1,0,-29.5595,0
70,4200,4,-69.0655,-68.0614,515.729,1,0,-29.6506,0
70,4200,5,53.1431,18.5134,561.277,1,0,-29.4255,0
70,4200,6,69.0695,-33.7305,584.003,1,0,-29.3145,0
70,4200,7,-40.1048,98.4193,569.086,1,0,-29.3873,0
71,4260,0,-45.7928,133.058,557.883,1,0,-29.4421,0
71,4260,1,47.0774,55.325,522.06,0.92,0,-29.6191,0
71,4260,2,77.274,155.108,510.406,1,0,-29.6772,0
71,4260,3,-43.1258,-82.5865,534.069,1,0,-29.5595,0
71,4260,4,-69.7634,-57.68,515.729,1,0,-29.6506,0
71,4260,5,53.965,24.4418,561.277,0.92,1,37.718,-2.71412
71,4260,6,66.0423,-28.2051,584.003,1,0,-29.3145,0
71,4260,7,-36.386,97.5159,569.086,1,0,-29.3873,0
72,4320,0,-47.1062,137.927,557.883,1,0,-29.4421,0
72,4320,1,44.1092,58.4498,522.06,0.94,0,-29.6191,0
72,4320,2,75.6135,169.514,510.406,1,0,-29.6772,0
72,4320,3,-45.2251,-78.4484,534.069,1,0,-29.5595,0
72,4320,4,-69.7903,-46.9299,515.729,1,0,-29.6506,0
72,4320,5,54.4589,30.568,561.277,0.84,1,35.2297,15.2539
72,4320,6,62.8457,-23.9376,584.003,1,0,-29.3145,0
72,4320,7,-32.6639,96.6721,569.086,1,0,-29.3873,0
73,4380,0,-48.1807,143.031,557.883,1,0,-29.4421,0
73,4380,1,41.0513,61.2471,522.06,0.96,0,-29.6191,0
73,4380,2,73.2526,-179.584,510.406,1,0,-29.6772,0
73,4380,3,-47.1438,-73.9891,534.069,1,0,-29.5595,0
73,4380,4,-69.1435,-36.4963,515.729,1,0,-29.6506,0
73,4380,5,54.6106,36.7954,561.277,0.86,0,-29.4255,0
73,4380,6,59.533,-20.5712,584.003,1,0,-29.3145,0
73,4380,7,-28.9392,95.8758,569.086,1,0,-29.3873,0
74,4440,0,-48.9967,148.335,557.883,1,0,-29.4421,0
74,4440,1,37.9202,63.7704,522.06,0.98,0,-29.6191,0
74,4440,2,70.4435,-171.579,510.406,1,0,-29.6772,0
74,4440,3,-48.8556,-69.197,534.069,1,0,-29.5595,0
74,4440,4,-67.8822,-26.9532,515.729,1,0,-29.6506,0
74,4440,5,54.4158,43.0159,561.277,0.88,0,-29.4255,0
74,4440,6,56.1386,-17.8598,584.003,1,0,-29.3145,0
74,4440,7,-25.2125,95.1174,569.086,1,0,-29.3873,0
75,4500,0,-49.5382,153.793,557.883,1,0,-29.4421,0
75,4500,1,34.7294,66.0649,522.06,0.9,1,-36.569,14.5209
75,4500,2,67.3525,-165.662,510.406,1,0,-29.6772,0
75,4500,3,-50.3327,-64.0735,534.069,1,0,-29.5595,0
75,4500,4,-66.1037,-18.6056,515.729,1,0,-29.6506,0
75,4500,5,53.8801,49.1224,561.277,0.9,0,-29.4255,0
75,4500,6,52.6848,-15.6333,584.003,1,0,-29.3145,0
75,4500,7,-21.4841,94.3893,569.086,1,0,-29.3873,0
76,4560,0,-49.7936,159.344,557.883,1,0,-29.4421,0
76,4560,1,31.4897,68.1686,522.06,0.92,0,-29.6191,0
76,4560,2,64.0804,-161.193,510.406,1,0,-29.6772,0
76,4560,3,-51.5471,-58.6371,534.069,1,0,-29.5595,0
76,4560,4,-63.9137,-11.5016,515.729,1,0,-29.6506,0
76,4560,5,53.0187,55.0204,561.277,0.92,0,-29.4255,0
76,4560,6,49.187,-13.7724,584.003,1,0,-29.3145,0
76,4560,7,-17.7545,93.685,569.086,1,0,-29.3873,0
77,4620,0,-49.7574,164.922,557.883,1,0,-29.4421,0
77,4620,1,28.2097,70.1137,522.06,0.84,1,10.6864,16.3398
77,4620,2,60.6879,-157.733,510.406,1,0,-29.6772,0
77,4620,3,-52.4727,-52.9272,534.069,1,0,-29.5595,0
77,4620,4,-61.4069,-5.53198,515.729,1,0,-29.6506,0
77,4620,5,51.8539,60.6366,561.277,0.94,0,-29.4255,0
77,4620,6,45.6559,-12.1918,584.003,1,0,-29.3145,0
77,4620,7,-14.0239,92.9993,569.086,1,0,-29.3873,0
78,4680,0,-49.4304,170.456,557.883,1,0,-29.4421,0
78,4680,1,24.8968,71.9271,522.06,0.76,1,22.8062,-9.39575
78,4680,2,57.2125,-154.99,510.406,1,0,-29.6772,0
78,4680,3,-53.0873,-47.0055,534.069,1,0,-29.5595,0
78,4680,4,-58.6597,-0.526836,515.729,1,0,-29.6506,0
78,4680,5,50.4131,65.9233,561.277,0.96,0,-29.4255,0
78,4680,6,42.0989,-10.8294,584.003,1,0,-29.3145,0
78,4680,7,-10.2925,92.3276,569.086,1,0,-29.3873,0
79,4740,0,-48.8198,175.881,557.883,1,0,-29.4421,0
79,4740,1,21.5569,73.6322,522.06,0.78,0,-29.6191,0
79,4740,2,53.6783,-152.766,510.406,1,0,-29.6772,0
79,4740,3,-53.3749,-40.9532,534.069,1,0,-29.5595,0
79,4740,4,-55.7301,3.68786,515.729,1,0,-29.6506,0
79,4740,5,48.7258,70.8564,561.277,0.98,0,-29.4255,0
79,4740,6,38.5218,-9.63907,584.003,1,0,-29.3145,0
79,4740,7,-6.56059,91.6657,569.086,1,0,-29.3873,0
80,4800,0,-47.9381,-178.86,557.883,1,0,-29.4421,0
80,4800,1,18.1953,75.2489,522.06,0.8,0,-29.6191,0
80,4800,2,50.1009,-150.927,510.406,1,0,-29.6772,0
80,4800,3,-53.3277,-34.8652,534.069,1,0,-29.5595,0
80,4800,4,-52.6615,7.26535,515.729,1,0,-29.6506,0
80,4800,5,46.8216,75.4324,561.277,1,0,-29.4255,0
80,4800,6,34.9287,-8.58563,584.003,1,0,-29.3145,0
80,4800,7,-2.82835,91.0099,569.086,1,0,-29.3873,0
81,4860,0,-46.8026,-173.812,557.883,1,0,-29.4421,0
81,4860,1,14.8164,76.7946,522.06,0.82,0,-29.6191,0
81,4860,2,46.4914,-149.381,510.406,1,0,-29.6772,0
81,4860,3,-52.9469,-28.8405,534.069,1,0,-29.5595,0
81,4860,4,-49.4859,10.3323,515.729,1,0,-29.6506,0
81,4860,5,44.7289,79.6627,561.277,0.92,1,15.7331,17.2885
81,4860,6,31.3228,-7.64192,584.003,1,0,-29.3145,0
81,4860,7,0.904037,90.3567,569.086,1,0,-29.3873,0
82,4920,0,-45.4333,-169.005,557.883,1,0,-29.4421,0
82,4920,1,11.4239,78.285,522.06,0.84,0,-29.6191,0
82,4920,2,42.8572,-148.059,510.406,1,0,-29.6772,0
82,4920,3,-52.243,-22.9708,534.069,1,0,-29.5595,0
82,4920,4,-46.2271,12.9898,515.729,1,0,-29.6506,0
82,4920,5,42.4735,83.5684,561.277,0.94,0,-29.4255,0
82,4920,6,27.7067,-6.78654,584.003,1,0,-29.3145,0
82,4920,7,4.63637,89.7027,569.086,1,0,-29.3873,0
83,4980,0,-43.8519,-164.455,557.883,1,0,-29.4421,0
83,4980,1,8.02141,79.7341,522.06,0.86,0,-29.6191,0
83,4980,2,39.2038,-146.913,510.406,1,0,-29.6772,0
83,4980,3,-51.2337,-17.3326,534.069,1,0,-29.5595,0
83,4980,4,-42.9028,15.3182,515.729,1,0,-29.6506,0
83,4980,5,40.0785,87.1765,561.277,0.96,0,-29.4255,0
83,4980,6,24.0824,-6.00233,584.003,1,0,-29.3145,0
83,4980,7,8.36848,89.0444,569.086,1,0,-29.3873,0
84,5040,0,-42.0803,-160.167,557.883,1,0,-29.4421,0
84,5040,1,4.61205,81.1549,522.06,0.88,0,-29.6191,0
84,5040,2,35.5354,-145.905,510.406,0.92,1,-26.1569,1.02746
84,5040,3,-49.9427,-11.9812,534.069,1,0,-29.5595,0
84,5040,4,-39.5267,17.3804,515.729,1,0,-29.6506,0
84,5040,5,37.5644,90.516,561.277,0.98,0,-29.4255,0
84,5040,6,20.4514,-5.27513,584.003,1,0,-29.3145,0
84,5040,7,12.1002,88.3782,569.086,1,0,-29.3873,0
85,5100,0,-40.14,-156.137,557.883,1,0,-29.4421,0
85,5100,1,1.19883,82.5598,522.06,0.899999,0,-29.6191,0
85,5100,2,31.8551,-145.008,510.406,0.94,0,-29.6772,0
85,5100,3,-48.3968,-6.94978,534.069,0.92,1,-33.3659,6.95307
85,5100,4,-36.1089,19.2267,515.729,1,0,-29.6506,0
85,5100,5,34.9488,93.6166,561.277,1,0,-29.4255,0
85,5100,6,16.8153,-4.59318,584.003,1,0,-29.3145,0
85,5100,7,15.8312,87.7002,569.086,1,0,-29.3873,0
86,5160,0,-38.051,-152.354,557.883,1,0,-29.4421,0
86,5160,1,-2.21535,83.9605,522.06,0.919999,0,-29.6191,0
86,5160,2,28.1653,-144.199,510.406,0.96,0,-29.6772,0
86,5160,3,-46.624,-2.25172,534.069,0.94,0,-29.5595,0
86,5160,4,-32.6577,20.8972,515.729,1,0,-29.6506,0
86,5160,5,32.2469,96.5066,561.277,1,0,-29.4255,0
86,5160,6,13.1751,-3.94638,584.003,1,0,-29.3145,0
86,5160,7,19.5614,87.0061,569.086,1,0,-29.3873,0
87,5220,0,-35.8319,-148.801,557.883,1,0,-29.4421,0
87,5220,1,-5.62773,85.3689,522.06,0.939999,0,-29.6191,0
87,5220,2,24.4679,-143.461,510.406,0.98,0,-29.6772,0
87,5220,3,-44.6519,2.11571,534.069,0.96,0,-29.5595,0
87,5220,4,-29.1794,22.4241,515.729,1,0,-29.6506,0
87,5220,5,29.4718,99.2127,561.277,1,0,-29.4255,0
87,5220,6,9.53191,-3.32593,584.003,1,0,-29.3145,0
87,5220,7,23.2905,86.291,569.086,1,0,-29.3873,0
88,5280,0,-33.4997,-145.46,557.883,1,0,-29.4421,0
88,5280,1,-9.03537,86.7968,522.06,0.959999,0,-29.6191,0
88,5280,2,20.7644,-142.779,510.406,1,0,-29.6772,0
88,5280,3,-42.5063,6.16662,534.069,0.98,0,-29.5595,0
88,5280,4,-25.6792,23.834,515.729,1,0,-29.6506,0
88,5280,5,26.6349,101.759,561.277,0.92,1,-30.628,5.72283
88,5280,6,5.88663,-2.72394,584.003,1,0,-29.3145,0
88,5280,7,27.0181,85.5491,569.086,1,0,-29.3873,0
89,5340,0,-31.0694,-142.312,557.883,1,0,-29.4421,0
89,5340,1,-12.4352,88.2568,522.06,0.979999,0,-29.6191,0
89,5340,2,17.0561,-142.142,510.406,1,0,-29.6772,0
89,5340,3,-40.2107,9.92257,534.069,1,0,-29.5595,0
89,5340,4,-22.1612,25.1488,515.729,1,0,-29.6506,0
89,5340,5,23.746,104.169,561.277,0.94,0,-29.4255,0
89,5340,6,2.24001,-2.13305,584.003,1,0,-29.3145,0
89,5340,7,30.7438,84.7734,569.086,1,0,-29.3873,0
90,5400,0,-28.5545,-139.336,557.883,1,0,-29.4421,0
90,5400,1,-15.824,89.7622,522.06,0.999999,0,-29.6191,0
90,5400,2,13.3442,-141.539,510.406,1,0,-29.6772,0
90,5400,3,-37.7862,13.4089,534.069,1,0,-29.5595,0
90,5400,4,-18.6291,26.387,515.729,1,0,-29.6506,0
90,5400,5,20.8134,106.463,561.277,0.96,0,-29.4255,0
90,5400,6,-1.40709,-1.54635,584.003,1,0,-29.3145,0
90,5400,7,34.4673,83.9555,569.086,1,0,-29.3873,0
91,5460,0,-25.9668,-136.512,557.883,1,0,-29.4421,0
91,5460,1,-19.1983,91.3273,522.06,1,0,-29.6191,0
91,5460,2,9.62942,-140.963,510.406,1,0,-29.6772,0
91,5460,3,-35.2513,16.6526,534.069,1,0,-29.5595,0
91,5460,4,-15.0857,27.5643,515.729,1,0,-29.6506,0
91,5460,5,17.8448,108.659,561.277,0.98,0,-29.4255,0
91,5460,6,-5.05384,-0.957042,584.003,1,0,-29.3145,0
91,5460,7,38.188,83.0845,569.086,1,0,-29.3873,0
92,5520,0,-23.317,-133.823,557.883,1,0,-29.4421,0
92,5520,1,-22.5539,92.9683,522.06,1,0,-29.6191,0
92,5520,2,5.91276,-140.404,510.406,1,0,-29.6772,0
92,5520,3,-32.6221,19.6806,534.069,1,0,-29.5595,0
92,5520,4,-11.5336,28.6948,515.729,1,0,-29.6506,0
92,5520,5,14.8468,110.774,561.277,1,0,-29.4255,0
92,5520,6,-8.69954,-0.358195,584.003,1,0,-29.3145,0
92,5520,7,41.905,82.1467,569.086,1,0,-29.3873,0
93,5580,0,-20.6146,-131.249,557.883,1,0,-29.4421,0
93,5580,1,-25.8863,94.7035,522.06,1,0,-29.6191,0
93,5580,2,2.19493,-139.857,510.406,1,0,-29.6772,0
93,5580,3,-29.9127,22.5186,534.069,1,0,-29.5595,0
93,5580,4,-7.97524,29.7906,515.729,1,0,-29.6506,0
93,5580,5,11.8252,112.824,561.277,1,0,-29.4255,0
93,5580,6,-12.3433,0.257347,584.003,1,0,-29.3145,0
93,5580,7,45.6174,81.1238,569.086,1,0,-29.3873,0
94,5640,0,-17.8679,-128.775,557.883,1,0,-29.4421,0
94,5640,1,-29.1901,96.5535,522.06,1,0,-29.6191,0
94,5640,2,-1.52336,-139.313,510.406,1,0,-29.6772,0
94,5640,3,-27.1351,25.191,534.069,1,0,-29.5595,0
94,5640,4,-4.41254,30.8632,515.729,1,0,-29.6506,0
94,5640,5,8.78551,114.823,561.277,1,0,-29.4255,0
94,5640,6,-15.9842,0.89739,584.003,1,0,-29.3145,0
94,5640,7,49.3238,79.9914,569.086,1,0,-29.3873,0
95,5700,0,-15.0845,-126.384,557.883,1,0,-29.4421,0
95,5700,1,-32.4589,98.5428,522.06,1,0,-29.6191,0
95,5700,2,-5.24131,-138.767,510.406,1,0,-29.6772,0
95,5700,3,-24.3,27.7202,534.069,0.92,1,-22.6246,-10.1394
95,5700,4,-0.847579,31.9231,515.729,1,0,-29.6506,0
95,5700,5,5.73272,116.786,561.277,1,0,-29.4255,0
95,5700,6,-19.6214,1.57049,584.003,1,0,-29.3145,0
95,5700,7,53.0225,78.7154,569.086,1,0,-29.3873,0
96,5760,0,-12.2713,-124.062,557.883,1,0,-29.4421,0
96,5760,1,-35.6851,100.7,522.06,1,0,-29.6191,0
96,5760,2,-8.95824,-138.211,510.406,1,0,-29.6772,0
96,5760,3,-21.4165,30.1268,534.069,0.94,0,-29.5595,0
96,5760,4,2.71788,32.9807,515.729,1,0,-29.6506,0
96,5760,5,2.67147,118.726,561.277,1,0,-29.4255,0
96,5760,6,-23.2536,2.28638,584.003,1,0,-29.3145,0
96,5760,7,56.7107,77.2471,569.086,1,0,-29.3873,0
97,5820,0,-9.43469,-121.795,557.883,1,0,-29.4421,0
97,5820,1,-38.8593,103.058,522.06,1,0,-29.6191,0
97,5820,2,-12.6734,-137.638,510.406,1,0,-29.6772,0
97,5820,3,-18.4927,32.4298,534.069,0.96,0,-29.5595,0
97,5820,4,6.28187,34.0459,515.729,1,0,-29.6506,0
97,5820,5,-0.393653,120.654,561.277,1,0,-29.4255,0
97,5820,6,-26.8796,3.05644,584.003,1,0,-29.3145,0
97,5820,7,60.3845,75.5143,569.086,1,0,-29.3873,0
98,5880,0,-6.58045,-119.569,557.883,1,0,-29.4421,0
98,5880,1,-41.9701,105.658,522.06,1,0,-29.6191,0
98,5880,2,-16.3859,-137.041,510.406,1,0,-29.6772,0
98,5880,3,-15.5359,34.6465,534.069,0.98,0,-29.5595,0
98,5880,4,9.84257,35.1294,515.729,1,0,-29.6506,0
98,5880,5,-3.45816,122.584,561.277,1,0,-29.4255,0
98,5880,6,-30.4978,3.89416,584.003,1,0,-29.3145,0
98,5880,7,64.0375,73.4054,569.086,1,0,-29.3873,0
99,5940,0,-3.71415,-117.371,557.883,1,0,-29.4421,0
99,5940,1,-45.0033,108.547,522.06,1,0,-29.6191,0
99,5940,2,-20.0949,-136.411,510.406,1,0,-29.6772,0
99,5940,3,-12.5525,36.7931,534.069,1,0,-29.5595,0
99,5940,4,13.3979,36.2419,515.729,1,0,-29.6506,0
99,5940,5,-6.51769,124.528,561.277,1,0,-29.4255,0
99,5940,6,-34.1062,4.81597,584.003,1,0,-29.3145,0
99,5940,7,67.6598,70.7384,569.086,1,0,-29.3873,0
100,6000,0,-0.8411,-115.189,557.883,1,0,-29.4421,0
100,6000,1,-47.9408,111.781,522.06,1,0,-29.6191,0
100,6000,2,-23.7994,-135.738,510.406,1,0,-29.6772,0
100,6000,3,-9.54821,38.8845,534.069,1,0,-29.5595,0
100,6000,4,16.9457,37.3953,515.729,1,0,-29.6506,0
100,6000,5,-9.56757,126.499,561.277,1,0,-29.4255,0
100,6000,6,-37.7025,5.84221,584.003,1,0,-29.3145,0
100,6000,7,71.2332,67.199,569.086,1,0,-29.3873,0
101,6060,0,2.03343,-113.011,557.883,1,0,-29.4421,0
101,6060,1,-50.7605,115.426,522.06,1,0,-29.6191,0
101,6060,2,-27.498,-135.011,510.406,1,0,-29.6772,0
101,6060,3,-6.52857,40.9349,534.069,1,0,-29.5595,0
101,6060,4,20.4835,38.6027,515.729,1,0,-29.6506,0
101,6060,5,-12.6031,128.51,561.277,1,0,-29.4255,0
101,6060,6,-41.2835,6.99853,584.003,1,0,-29.3145,0
101,6060,7,74.7235,62.2009,569.086,1,0,-29.3873,0
102,6120,0,4.90429,-110.824,557.883,1,0,-29.4421,0
102,6120,1,-53.434,119.557,522.06,1,0,-29.6191,0
102,6120,2,-31.1893,-134.216,510.406,1,0,-29.6772,0
102,6120,3,-3.49861,42.9576,534.069,1,0,-29.5595,0
102,6120,4,24.0086,39.879,515.729,1,0,-29.6506,0
102,6120,5,-15.6192,130.576,561.277,1,0,-29.4255,0
102,6120,6,-44.8455,8.318,584.003,1,0,-29.3145,0
102,6120,7,78.0574,54.5574,569.086,1,0,-29.3873,0
103,6180,0,7.76624,-108.616,557.883,1,0,-29.4421,0
103,6180,1,-55.9262,124.254,522.06,1,0,-29.6191,0
103,6180,2,-34.8715,-133.336,510.406,1,0,-29.6772,0
103,6180,3,-0.463242,44.9655,534.069,0.92,1,-26.7765,8.90009
103,6180,4,27.5178,41.2411,515.729,1,0,-29.6506,0
103,6180,5,-18.6103,132.71,561.277,1,0,-29.4255,0
103,6180,6,-48.3832,9.84395,584.003,1,0,-29.3145,0
103,6180,7,81.0582,41.7083,569.086,1,0,-29.3873,0
104,6240,0,10.6139,-106.374,557.883,1,0,-29.4421,0
104,6240,1,-58.1936,129.599,522.06,1,0,-29.6191,0
104,6240,2,-38.5422,-132.35,510.406,1,0,-29.6772,0
104,6240,3,2.57289,46.9716,534.069,0.94,0,-29.5595,0
104,6240,4,31.0071,42.7095,515.729,1,0,-29.6506,0
104,6240,5,-21.5703,134.929,561.277,0.92,1,6.75273,18.8186
104,6240,6,-51.8894,11.6343,584.003,1,0,-29.3145,0
104,6240,7,83.265,18.8227,569.086,1,0,-29.3873,0
105,6300,0,13.4416,-104.086,557.883,1,0,-29.4421,0
105,6300,1,-60.1843,135.656,522.06,1,0,-29.6191,0
105,6300,2,-42.1986,-131.231,510.406,1,0,-29.6772,0
105,6300,3,5.60502,48.9885,534.069,0.96,0,-29.5595,0
105,6300,4,34.4719,44.308,515.729,1,0,-29.6506,0
105,6300,5,-24.4923,137.251,561.277,0.84,1,29.1272,-13.3257
105,6300,6,-55.3544,13.7683,584.003,1,0,-29.3145,0
105,6300,7,83.7676,-14.865,569.086,1,0,-29.3873,0
106,6360,0,16.2432,-101.737,557.883,1,0,-29.4421,0
106,6360,1,-61.839,142.453,522.06,1,0,-29.6191,0
106,6360,2,-45.8366,-129.944,510.406,1,0,-29.6772,0
106,6360,3,8.62834,51.029,534.069,0.98,0,-29.5595,0
106,6360,4,37.9064,46.0663,515.729,1,0,-29.6506,0
106,6360,5,-27.3688,139.694,561.277,0.86,0,-29.4255,0
106,6360,6,-58.764,16.3561,584.003,1,0,-29.3145,0
106,6360,7,82.2282,-43.6622,569.086,1,0,-29.3873,0
107,6420,0,19.0122,-99.3136,557.883,1,0,-29.4421,0
107,6420,1,-63.0951,149.95,522.06,1,0,-29.6191,0
107,6420,2,-49.4511,-128.443,510.406,1,0,-29.6772,0
107,6420,3,11.6378,53.1064,534.069,1,0,-29.5595,0
107,6420,4,41.3035,48.0203,515.729,1,0,-29.6506,0
107,6420,5,-30.1908,142.279,561.277,0.88,0,-29.4255,0
107,6420,6,-62.0979,19.5544,584.003,1,0,-29.3145,0
107,6420,7,79.5102,-60.4687,569.086,1,0,-29.3873,0
108,6480,0,21.7415,-96.8002,557.883,1,0,-29.4421,0
108,6480,1,-63.8948,158.013,522.06,1,0,-29.6191,0
108,6480,2,-53.035,-126.663,510.406,1,0,-29.6772,0
108,6480,3,14.6283,55.2346,534.069,1,0,-29.5595,0
108,6480,4,44.6539,50.2151,515.729,1,0,-29.6506,0
108,6480,5,-32.9482,145.03,561.277,0.9,0,-29.4255,0
108,6480,6,-65.3249,23.5893,584.003,1,0,-29.3145,0
108,6480,7,76.2979,-70.0815,569.086,1,0,-29.3873,0
109,6540,0,24.4232,-94.1807,557.883,1,0,-29.4421,0
109,6540,1,-64.1953,166.407,522.06,1,0,-29.6191,0
109,6540,2,-56.578,-124.518,510.406,1,0,-29.6772,0
109,6540,3,17.5938,57.4283,534.069,1,0,-29.5595,0
109,6540,4,47.9457,52.7073,515.729,1,0,-29.6506,0
109,6540,5,-35.6293,147.972,561.277,0.92,0,-29.4255,0
109,6540,6,-68.3968,28.7888,584.003,1,0,-29.3145,0
109,6540,7,72.8672,-76.1022,569.086,1,0,-29.3873,0
110,6600,0,27.0484,-91.4378,557.883,1,0,-29.4421,0
110,6600,1,-63.9793,174.827,522.06,1,0,-29.6191,0
110,6600,2,-60.0655,-121.88,510.406,1,0,-29.6772,0
110,6600,3,20.5284,59.7032,534.069,1,0,-29.5595,0
110,6600,4,51.1634,55.5684,515.729,0.92,1,-8.47944,19.3568
110,6600,5,-38.2204,151.131,561.277,0.94,0,-29.4255,0
110,6600,6,-71.2373,35.6194,584.003,1,0,-29.3145,0
110,6600,7,69.3265,-80.2207,569.086,1,0,-29.3873,0
111,6660,0,29.6072,-88.5533,557.883,1,0,-29.4421,0
111,6660,1,-63.2593,-177.037,522.06,1,0,-29.6191,0
111,6660,2,-63.4752,-118.568,510.406,1,0,-29.6772,0
111,6660,3,23.425,62.0762,534.069,1,0,-29.5595,0
111,6660,4,54.2863,58.889,515.729,0.94,0,-29.6506,0
111,6660,5,-40.7057,154.536,561.277,0.96,0,-29.4255,0
111,6660,6,-73.7243,44.6887,584.003,1,0,-29.3145,0
111,6660,7,65.724,-83.2418,569.086,1,0,-29.3873,0
112,6720,0,32.0886,-85.5081,557.883,1,0,-29.4421,0
112,6720,1,-62.0746,-169.435,522.06,1,0,-29.6191,0
112,6720,2,-66.7727,-114.309,510.406,1,0,-29.6772,0
112,6720,3,26.2758,64.5659,534.069,1,0,-29.5595,0
112,6720,4,57.2867,62.7833,515.729,0.96,0,-29.6506,0
112,6720,5,-43.0668,158.218,561.277,0.98,0,-29.4255,0
112,6720,6,-75.6724,56.5893,584.003,1,0,-29.3145,0
112,6720,7,62.0837,-85.5811,569.086,1,0,-29.3873,0
113,6780,0,34.48,-82.2822,557.883,1,0,-29.4421,0
113,6780,1,-60.4811,-162.518,522.06,1,0,-29.6191,0
113,6780,2,-69.9024,-108.694,510.406,1,0,-29.6772,0
113,6780,3,29.072,67.1923,534.069,1,0,-29.5595,0
113,6780,4,60.1268,67.3918,515.729,0.98,0,-29.6506,0
113,6780,5,-45.2828,162.205,561.277,1,0,-29.4255,0
113,6780,6,-76.84,71.3564,584.003,1,0,-29.3145,0
113,6780,7,58.4185,-87.4714,569.086,1,0,-29.3873,0
114,6840,0,36.7672,-78.8558,557.883,1,0,-29.4421,0
114,6840,1,-58.5415,-156.34,522.06,1,0,-29.6191,0
114,6840,2,-72.7724,-101.124,510.406,1,0,-29.6772,0
114,6840,3,31.8034,69.9773,534.069,1,0,-29.5595,0
114,6840,4,62.7563,72.8807,515.729,1,0,-29.6506,0
114,6840,5,-47.3297,166.522,561.277,1,0,-29.4255,0
114,6840,6,-77.0146,87.6865,584.003,1,0,-29.3145,0
114,6840,7,54.7365,-89.0516,569.086,1,0,-29.3873,0
115,6900,0,38.9344,-75.2095,557.883,1,0,-29.4421,0
115,6900,1,-56.3158,-150.882,522.06,1,0,-29.6191,0
115,6900,2,-75.2304,-90.8051,510.406,1,0,-29.6772,0
115,6900,3,34.4585,72.9447,534.069,1,0,-29.5595,0
115,6900,4,65.1076,79.4263,515.729,1,0,-29.6506,0
115,6900,5,-49.1809,171.189,561.277,1,0,-29.4255,0
115,6900,6,-76.1587,103.194,584.003,1,0,-29.3145,0
115,6900,7,51.0422,-90.4097,569.086,1,0,-29.3873,0
116,6960,0,40.9641,-71.3256,557.883,1,0,-29.4421,0
116,6960,1,-53.8573,-146.083,522.06,1,0,-29.6191,0
116,6960,2,-77.0395,-77.0386,510.406,1,0,-29.6772,0
116,6960,3,37.0238,76.1197,534.069,1,0,-29.5595,0
116,6960,4,67.0946,87.1763,515.729,1,0,-29.6506,0
116,6960,5,-50.8078,176.214,561.277,1,0,-29.4255,0
116,6960,6,-74.4415,116.094,584.003,1,0,-29.3145,0
116,6960,7,47.3391,-91.6038,569.086,1,0,-29.3873,0
117,7020,0,42.8369,-67.1899,557.883,1,0,-29.4421,0
117,7020,1,-51.211,-141.865,522.06,1,0,-29.6191,0
117,7020,2,-77.9049,-60.1499,510.406,1,0,-29.6772,0
117,7020,3,39.4838,79.5292,534.069,1,0,-29.5595,0
117,7020,4,68.6151,96.1715,515.729,1,0,-29.6506,0
117,7020,5,-52.1805,-178.411,561.277,1,0,-29.4255,0
117,7020,6,-72.1093,126.048,584.003,1,0,-29.3145,0
117,7020,7,43.6293,-92.6739,569.086,0.92,1,31.8409,-0.528607
118,7080,0,44.5323,-62.7936,557.883,1,0,-29.4421,0
118,7080,1,-48.4133,-138.145,522.06,1,0,-29.6191,0
118,7080,2,-77.627,-42.4347,510.406,1,0,-29.6772,0
118,7080,3,41.8208,83.2001,534.069,1,0,-29.5595,0
118,7080,4,69.5644,106.238,515.729,1,0,-29.6506,0
118,7080,5,-53.2699,-172.717,561.277,1,0,-29.4255,0
118,7080,6,-69.3698,133.549,584.003,1,0,-29.3145,0
118,7080,7,39.9142,-93.6487,569.086,0.94,0,-29.3873,0
119,7140,0,46.0284,-58.1357,557.883,1,0,-29.4421,0
119,7140,1,-45.4934,-134.848,522.06,1,0,-29.6191,0
119,7140,2,-76.275,-26.8781,510.406,1,0,-29.6772,0
119,7140,3,44.0146,87.1585,534.069,1,0,-29.5595,0
119,7140,4,69.8616,116.922,515.729,1,0,-29.6506,0
119,7140,5,-54.0495,-166.758,561.277,1,0,-29.4255,0
119,7140,6,-66.3643,139.23,584.003,1,0,-29.3145,0
119,7140,7,36.1952,-94.5487,569.086,0.96,0,-29.3873,0
120,7200,0,47.3032,-53.2257,557.883,1,0,-29.4421,0
120,7200,1,-42.4747,-131.907,522.06,1,0,-29.6191,0
120,7200,2,-74.121,-14.811,510.406,1,0,-29.6772,0
120,7200,3,46.0423,91.4274,534.069,1,0,-29.5595,0
120,7200,4,69.4782,127.561,515.729,1,0,-29.6506,0
120,7200,5,-54.4987,-160.612,561.277,1,0,-29.4255,0
120,7200,6,-63.1823,143.609,584.003,1,0,-29.3145,0
120,7200,7,32.4729,-95.3898,569.086,0.88,1,33.9164,2.64278
121,7260,0,48.3357,-48.0857,557.883,1,0,-29.4421,0
121,7260,1,-39.3756,-129.263,522.06,1,0,-29.6191,0
121,7260,2,-71.4423,-5.91051,510.406,1,0,-29.6772,0
121,7260,3,47.8787,96.0237,534.069,1,0,-29.5595,0
121,7260,4,68.4505,137.511,515.729,1,0,-29.6506,0
121,7260,5,-54.6047,-154.379,561.277,1,0,-29.4255,0
121,7260,6,-59.8798,147.056,584.003,1,0,-29.3145,0
121,7260,7,28.7482,-96.1839,569.086,0.9,0,-29.3873,0
122,7320,0,49.1068,-42.7518,557.883,1,0,-29.4421,0
122,7320,1,-36.2109,-126.868,522.06,1,0,-29.6191,0
122,7320,2,-68.4336,0.637581,510.406,1,0,-29.6772,0
122,7320,3,49.4968,100.954,534.069,1,0,-29.5595,0
122,7320,4,66.8645,146.351,515.729,1,0,-29.6506,0
122,7320,5,-54.3643,-148.168,561.277,1,0,-29.4255,0
122,7320,6,-56.4926,149.826,584.003,1,0,-29.3145,0
122,7320,7,25.0213,-96.9406,569.086,0.92,0,-29.3873,0
123,7380,0,49.6011,-37.274,557.883,1,0,-29.4421,0
123,7380,1,-32.9925,-124.68,522.06,1,0,-29.6191,0
123,7380,2,-65.215,5.54318,510.406,1,0,-29.6772,0
123,7380,3,50.8685,106.21,534.069,1,0,-29.5595,0
123,7380,4,64.8255,153.942,515.729,1,0,-29.6506,0
123,7380,5,-53.7845,-142.084,561.277,1,0,-29.4255,0
123,7380,6,-53.0442,152.096,584.003,1,0,-29.3145,0
123,7380,7,21.293,-97.6673,569.086,0.94,0,-29.3873,0
124,7440,0,49.8079,-31.7133,557.883,1,0,-29.4421,0
124,7440,1,-29.7302,-122.665,522.06,1,0,-29.6191,0
124,7440,2,-61.8586,9.3089,510.406,1,0,-29.6772,0
124,7440,3,51.9664,111.766,534.069,0.92,1,21.6231,-11.4964
124,7440,4,62.4343,160.343,515.729,0.92,1,20.1991,24.9405
124,7440,5,-52.8816,-136.22,561.277,1,0,-29.4255,0
124,7440,6,-49.5504,153.991,584.003,1,0,-29.3145,0
124,7440,7,17.5632,-98.3705,569.086,0.96,0,-29.3873,0
125,7500,0,49.7228,-26.1381,557.883,1,0,-29.4421,0
125,7500,1,-26.4317,-120.794,522.06,1,0,-29.6191,0
125,7500,2,-58.4083,12.2713,510.406,1,0,-29.6772,0
125,7500,3,52.7657,117.572,534.069,0.94,0,-29.5595,0
125,7500,4,59.7745,165.709,515.729,0.84,1,-23.5299,-19.9146
125,7500,5,-51.6787,-130.645,561.277,1,0,-29.4255,0
125,7500,6,-46.0223,155.597,584.003,1,0,-29.3145,0
125,7500,7,13.8326,-99.0554,569.086,0.98,0,-29.3873,0
126,7560,0,49.3477,-20.6177,557.883,1,0,-29.4421,0
126,7560,1,-23.1036,-119.042,522.06,1,0,-29.6191,0
126,7560,2,-54.8921,14.6553,510.406,1,0,-29.6772,0
126,7560,3,53.2466,123.559,534.069,0.86,1,35.2126,-1.72887
126,7560,4,56.9114,170.218,515.729,0.86,0,-29.6506,0
126,7560,5,-50.2036,-125.404,561.277,1,0,-29.4255,0
126,7560,6,-42.4677,156.98,584.003,1,0,-29.3145,0
126,7560,7,10.1012,-99.7266,569.086,1,0,-29.3873,0
127,7620,0,48.6907,-15.2168,557.883,1,0,-29.4421,0
127,7620,1,-19.7515,-117.387,522.06,1,0,-29.6191,0
127,7620,2,-51.3281,16.6131,510.406,1,0,-29.6772,0
127,7620,3,53.3961,129.638,534.069,0.88,0,-29.5595,0
127,7620,4,53.8935,174.032,515.729,0.88,0,-29.6506,0
127,7620,5,-48.4859,-120.518,561.277,1,0,-29.4255,0
127,7620,6,-38.8924,158.186,584.003,1,0,-29.3145,0
127,7620,7,6.36924,-100.388,569.086,1,0,-29.3873,0
128,7680,0,47.7653,-9.99067,557.883,1,0,-29.4421,0
128,7680,1,-16.38,-115.81,522.06,1,0,-29.6191,0
128,7680,2,-47.7285,18.2506,510.406,1,0,-29.6772,0
128,7680,3,53.2102,135.711,534.069,0.9,0,-29.5595,0
128,7680,4,50.7572,177.288,515.729,0.9,0,-29.6506,0
128,7680,5,-46.5552,-115.989,561.277,1,0,-29.4255,0
128,7680,6,-35.3009,159.252,584.003,1,0,-29.3145,0
128,7680,7,2.63696,-101.044,569.086,1,0,-29.3873,0
129,7740,0,46.5892,-4.98109,557.883,1,0,-29.4421,0
129,7740,1,-12.9934,-114.296,522.06,1,0,-29.6191,0
129,7740,2,-44.102,19.6429,510.406,1,0,-29.6772,0
129,7740,3,52.694,141.682,534.069,0.92,0,-29.5595,0
129,7740,4,47.5289,-179.903,515.729,0.92,0,-29.6506,0
129,7740,5,-44.4396,-111.803,561.277,1,0,-29.4255,0
129,7740,6,-31.6962,160.206,584.003,1,0,-29.3145,0
129,7740,7,-1.09539,-101.697,569.086,1,0,-29.3873,0
130,7800,0,45.1829,-0.216035,557.883,1,0,-29.4421,0
130,7800,1,-9.59508,-112.829,522.06,1,0,-29.6191,0
130,7800,2,-40.4547,20.8445,510.406,1,0,-29.6772,0
130,7800,3,51.8612,147.464,534.069,0.94,0,-29.5595,0
130,7800,4,44.2288,-177.452,515.729,0.94,0,-29.6506,0
130,7800,5,-42.1644,-107.938,561.277,1,0,-29.4255,0
130,7800,6,-28.081,161.07,584.003,1,0,-29.3145,0
130,7800,7,-4.82775,-102.351,569.086,1,0,-29.3873,0
131,7860,0,43.5681,4.29008,557.883,0.92,1,38.5597,-10.7314
131,7860,1,-6.1885,-111.397,522.06,1,0,-29.6191,0
131,7860,2,-36.7911,21.8961,510.406,1,0,-29.6772,0
131,7860,3,50.7323,152.989,534.069,0.96,0,-29.5595,0
131,7860,4,40.8719,-175.291,515.729,0.96,0,-29.6506,0
131,7860,5,-39.7526,-104.367,561.277,1,0,-29.4255,0
131,7860,6,-24.4574,161.861,584.003,1,0,-29.3145,0
131,7860,7,-8.55982,-103.01,569.086,1,0,-29.3873,0
132,7920,0,41.7668,8.53397,557.883,0.94,0,-29.4421,0
132,7920,1,-2.7767,-109.986,522.06,1,0,-29.6191,0
132,7920,2,-33.1146,22.8285,510.406,1,0,-29.6772,0
132,7920,3,49.3324,158.211,534.069,0.98,0,-29.5595,0
132,7920,4,37.4696,-173.364,515.729,0.98,0,-29.6506,0
132,7920,5,-37.2242,-101.061,561.277,1,0,-29.4255,0
132,7920,6,-20.8271,162.593,584.003,1,0,-29.3145,0
132,7920,7,-12.2915,-103.676,569.086,1,0,-29.3873,0
133,7980,0,39.8002,12.5216,557.883,0.96,0,-29.4421,0
133,7980,1,0.637416,-108.585,522.06,1,0,-29.6191,0
133,7980,2,-29.4278,23.6656,510.406,1,0,-29.6772,0
133,7980,3,47.6893,163.105,534.069,1,0,-29.5595,0
133,7980,4,34.0308,-171.628,515.729,1,0,-29.6506,0
133,7980,5,-34.5963,-97.9896,561.277,1,0,-29.4255,0
133,7980,6,-17.1914,163.279,584.003,1,0,-29.3145,0
133,7980,7,-16.0225,-104.355,569.086,1,0,-29.3873,0
134,8040,0,37.6883,16.2652,557.883,0.98,0,-29.4421,0
134,8040,1,4.05095,-107.182,522.06,1,0,-29.6191,0
134,8040,2,-25.7327,24.4263,510.406,1,0,-29.6772,0
134,8040,3,45.8308,167.665,534.069,1,0,-29.5595,0
134,8040,4,30.5626,-170.048,515.729,1,0,-29.6506,0
134,8040,5,-31.884,-95.1254,561.277,1,0,-29.4255,0
134,8040,6,-13.5517,163.929,584.003,1,0,-29.3145,0
134,8040,7,-19.7526,-105.05,569.086,1,0,-29.3873,0
135,8100,0,35.4491,19.7812,557.883,1,0,-29.4421,0
135,8100,1,7.46115,-105.764,522.06,1,0,-29.6191,0
135,8100,2,-22.0312,25.1258,510.406,1,0,-29.6772,0
135,8100,3,43.7839,171.9,534.069,1,0,-29.5595,0
135,8100,4,27.0705,-168.595,515.729,1,0,-29.6506,0
135,8100,5,-29.1002,-92.4418,561.277,1,0,-29.4255,0
135,8100,6,-9.90871,164.552,584.003,1,0,-29.3145,0
135,8100,7,-23.4816,-105.766,569.086,1,0,-29.3873,0
136,8160,0,33.0995,23.0884,557.883,1,0,-29.4421,0
136,8160,1,10.865,-104.321,522.06,1,0,-29.6191,0
136,8160,2,-18.3244,25.7769,510.406,1,0,-29.6772,0
136,8160,3,41.5735,175.826,534.069,1,0,-29.5595,0
136,8160,4,23.5591,-167.244,515.729,1,0,-29.6506,0
136,8160,5,-26.2558,-89.9143,561.277,1,0,-29.4255,0
136,8160,6,-6.26361,165.156,584.003,1,0,-29.3145,0
136,8160,7,-27.2091,-106.51,569.086,1,0,-29.3873,0
137,8220,0,30.6541,26.2067,557.883,1,0,-29.4421,0
137,8220,1,14.2594,-102.838,522.06,1,0,-29.6191,0
137,8220,2,-14.6136,26.3901,510.406,1,0,-29.6772,0
137,8220,3,39.2222,179.467,534.069,1,0,-29.5595,0
137,8220,4,20.0322,-165.978,515.729,1,0,-29.6506,0
137,8220,5,-23.3606,-87.5209,561.277,1,0,-29.4255,0
137,8220,6,-2.61708,165.747,584.003,1,0,-29.3145,0
137,8220,7,-30.9348,-107.287,569.086,1,0,-29.3873,0
138,8280,0,28.1262,29.1559,557.883,1,0,-29.4421,0
138,8280,1,17.6408,-101.303,522.06,1,0,-29.6191,0
138,8280,2,-10.8997,26.9745,510.406,1,0,-29.6772,0
138,8280,3,36.7499,-177.15,534.069,1,0,-29.5595,0
138,8280,4,16.4929,-164.778,515.729,1,0,-29.6506,0
138,8280,5,-20.423,-85.2414,561.277,1,0,-29.4255,0
138,8280,6,1.03,166.334,584.003,1,0,-29.3145,0
138,8280,7,-34.6582,-108.108,569.086,1,0,-29.3873,0
139,8340,0,25.5275,31.9557,557.883,1,0,-29.4421,0
139,8340,1,21.0055,-99.6987,522.06,1,0,-29.6191,0
139,8340,2,-7.18356,27.5383,510.406,1,0,-29.6772,0
139,8340,3,34.1742,-173.999,534.069,1,0,-29.5595,0
139,8340,4,12.944,-163.631,515.729,1,0,-29.6506,0
139,8340,5,-17.4501,-83.0572,561.277,1,0,-29.4255,0
139,8340,6,4.67682,166.923,584.003,1,0,-29.3145,0
139,8340,7,-38.3786,-108.982,569.086,1,0,-29.3873,0
140,8400,0,22.8682,34.6247,557.883,1,0,-29.4421,0
140,8400,1,24.3493,-98.0095,522.06,1,0,-29.6191,0
140,8400,2,-3.46605,28.0888,510.406,1,0,-29.6772,0
140,8400,3,31.5102,-171.053,534.069,1,0,-29.5595,0
140,8400,4,9.38789,-162.522,515.729,1,0,-29.6506,0
140,8400,5,-14.4486,-80.9516,561.277,1,0,-29.4255,0
140,8400,6,8.32267,167.52,584.003,1,0,-29.3145,0
140,8400,7,-42.0954,-109.924,569.086,1,0,-29.3873,0
141,8460,0,20.1578,37.1804,557.883,1,0,-29.4421,0
141,8460,1,27.667,-96.2153,522.06,1,0,-29.6191,0
141,8460,2,0.252133,28.6331,510.406,1,0,-29.6772,0
141,8460,3,28.7712,-168.286,534.069,1,0,-29.5595,0
141,8460,4,5.8267,-161.442,515.729,1,0,-29.6506,0
141,8460,5,-11.4244,-78.909,561.277,1,0,-29.4255,0
141,8460,6,11.9667,168.134,584.003,1,0,-29.3145,0
141,8460,7,-45.8076,-110.951,569.086,1,0,-29.3873,0
142,8520,0,17.4045,39.6395,557.883,1,0,-29.4421,0
142,8520,1,30.9529,-94.2937,522.06,0.92,1,-25.0084,1.65205
142,8520,2,3.97026,29.1779,510.406,1,0,-29.6772,0
142,8520,3,25.9686,-165.676,534.069,1,0,-29.5595,0
142,8520,4,2.26238,-160.378,515.729,1,0,-29.6506,0
142,8520,5,-8.38264,-76.915,561.277,1,0,-29.4255,0
142,8520,6,15.6079,168.771,584.003,1,0,-29.3145,0
142,8520,7,-49.5137,-112.09,569.086,1,0,-29.3873,0
143,8580,0,14.6157,42.0177,557.883,1,0,-29.4421,0
143,8580,1,34.1998,-92.2181,522.06,0.94,0,-29.6191,0
143,8580,2,7.68763,29.7298,510.406,1,0,-29.6772,0
143,8580,3,23.1124,-163.2,534.069,1,0,-29.5595,0
143,8580,4,-1.30308,-159.321,515.729,1,0,-29.6506,0
143,8580,5,-5.32843,-74.956,561.277,1,0,-29.4255,0
143,8580,6,19.2456,169.44,584.003,1,0,-29.3145,0
143,8580,7,-53.2119,-113.375,569.086,1,0,-29.3873,0
144,8640,0,11.7981,44.3296,557.883,1,0,-29.4421,0
144,8640,1,37.3993,-89.9574,522.06,0.96,0,-29.6191,0
144,8640,2,11.4035,30.296,510.406,1,0,-29.6772,0
144,8640,3,20.2113,-160.838,534.069,1,0,-29.5595,0
144,8640,4,-4.8679,-158.26,515.729,1,0,-29.6506,0
144,8640,5,-2.26645,-73.0189,561.277,1,0,-29.4255,0
144,8640,6,22.8783,170.151,584.003,1,0,-29.3145,0
144,8640,7,-56.8994,-114.855,569.086,1,0,-29.3873,0
145,8700,0,8.95814,46.5892,557.883,1,0,-29.4421,0
145,8700,1,40.541,-87.4746,522.06,0.98,0,-29.6191,0
145,8700,2,15.1171,30.8838,510.406,1,0,-29.6772,0
145,8700,3,17.2731,-158.573,534.069,1,0,-29.5595,0
145,8700,4,-8.43011,-157.185,515.729,1,0,-29.6506,0
145,8700,5,0.798847,-71.091,561.277,1,0,-29.4255,0
145,8700,6,26.505,170.915,584.003,1,0,-29.3145,0
145,8700,7,-60.5723,-116.603,569.086,1,0,-29.3873,0
146,8760,0,6.1015,48.8097,557.883,1,0,-29.4421,0
146,8760,1,43.612,-84.7259,522.06,1,0,-29.6191,0
146,8760,2,18.8274,31.5015,510.406,1,0,-29.6772,0
146,8760,3,14.3045,-156.387,534.069,1,0,-29.5595,0
146,8760,4,-11.9878,-156.085,515.729,1,0,-29.6506,0
146,8760,5,3.86295,-69.1598,561.277,1,0,-29.4255,0
146,8760,6,30.1241,171.745,584.003,1,0,-29.3145,0
146,8760,7,-64.2241,-118.736,569.086,1,0,-29.3873,0
147,8820,0,3.23372,51.0039,557.883,1,0,-29.4421,0
147,8820,1,46.5963,-81.659,522.06,1,0,-29.6191,0
147,8820,2,22.5335,32.1585,510.406,1,0,-29.6772,0
147,8820,3,11.3117,-154.265,534.069,1,0,-29.5595,0
147,8820,4,-15.5389,-154.95,515.729,1,0,-29.6506,0
147,8820,5,6.92147,-67.2129,561.277,1,0,-29.4255,0
147,8820,6,33.7336,172.657,584.003,1,0,-29.3145,0
147,8820,7,-67.8444,-121.438,569.086,1,0,-29.3873,0
148,8880,0,0.360092,53.1843,557.883,1,0,-29.4421,0
148,8880,1,49.4736,-78.2126,522.06,1,0,-29.6191,0
148,8880,2,26.2343,32.8656,510.406,1,0,-29.6772,0
148,8880,3,8.30049,-152.192,534.069,1,0,-29.5595,0
148,8880,4,-19.081,-153.765,515.729,1,0,-29.6506,0
148,8880,5,9.96978,-65.2373,561.277,0.92,1,-32.3697,0.970818
148,8880,6,37.3313,173.672,584.003,1,0,-29.3145,0
148,8880,7,-71.4146,-125.035,569.086,1,0,-29.3873,0
149,8940,0,-2.51422,55.3633,557.883,1,0,-29.4421,0
149,8940,1,52.2185,-74.3161,522.06,1,0,-29.6191,0
149,8940,2,29.9283,33.6357,510.406,1,0,-29.6772,0
149,8940,3,5.27598,-150.155,534.069,1,0,-29.5595,0
149,8940,4,-22.6116,-152.518,515.729,1,0,-29.6506,0
149,8940,5,13.003,-63.2197,561.277,0.94,0,-29.4255,0
149,8940,6,40.9141,174.813,584.003,1,0,-29.3145,0
149,8940,7,-74.8991,-130.132,569.086,1,0,-29.3873,0
150,9000,0,-5.38396,57.5529,557.883,1,0,-29.4421,0
150,9000,1,54.7994,-69.8906,522.06,0.92,1,36.7682,-4.32295
150,9000,2,33.6138,34.4845,510.406,1,0,-29.6772,0
150,9000,3,2.24323,-148.14,534.069,1,0,-29.5595,0
150,9000,4,-26.1274,-151.193,515.729,1,0,-29.6506,0
150,9000,5,16.0161,-61.1462,561.277,0.96,0,-29.4255,0
150,9000,6,44.4783,176.114,584.003,1,0,-29.3145,0
150,9000,7,-78.2216,-137.964,569.086,1,0,-29.3873,0
151,9060,0,-8.2439,59.7656,557.883,1,0,-29.4421,0
151,9060,1,57.1767,-64.8544,522.06,0.94,0,-29.6191,0
151,9060,2,37.2888,35.4315,510.406,1,0,-29.6772,0
151,9060,3,-0.793056,-146.134,534.069,1,0,-29.5595,0
151,9060,4,-29.6251,-149.769,515.729,1,0,-29.6506,0
151,9060,5,19.0035,-59.0016,561.277,0.98,0,-29.4255,0
151,9060,6,48.0188,177.616,584.003,1,0,-29.3145,0
151,9060,7,-81.1967,-151.192,569.086,1,0,-29.3873,0
152,9120,0,-11.0886,62.0142,557.883,1,0,-29.4421,0
152,9120,1,59.3023,-59.1331,522.06,0.96,0,-29.6191,0
152,9120,2,40.9504,36.5014,510.406,1,0,-29.6772,0
152,9120,3,-3.82811,-144.125,534.069,1,0,-29.5595,0
152,9120,4,-33.1002,-148.225,515.729,1,0,-29.6506,0
152,9120,5,21.9588,-56.7699,561.277,1,0,-29.4255,0
152,9120,6,51.5286,179.376,584.003,1,0,-29.3145,0
152,9120,7,-83.3409,-174.727,569.086,1,0,-29.3873,0
153,9180,0,-13.9124,64.3117,557.883,1,0,-29.4421,0
153,9180,1,61.1199,-52.6782,522.06,0.98,0,-29.6191,0
153,9180,2,44.5952,37.7262,510.406,1,0,-29.6772,0
153,9180,3,-6.85718,-142.1,534.069,1,0,-29.5595,0
153,9180,4,-36.5476,-146.534,515.729,1,0,-29.6506,0
153,9180,5,24.8753,-54.4334,561.277,1,0,-29.4255,0
153,9180,6,54.9984,-178.53,584.003,1,0,-29.3145,0
153,9180,7,-83.7338,151.361,569.086,1,0,-29.3873,0
154,9240,0,-16.7089,66.6719,557.883,1,0,-29.4421,0
154,9240,1,62.568,-45.4945,522.06,1,0,-29.6191,0
154,9240,2,48.2184,39.1482,510.406,1,0,-29.6772,0
154,9240,3,-9.87541,-140.046,534.069,1,0,-29.5595,0
154,9240,4,-39.9605,-144.663,515.729,1,0,-29.6506,0
154,9240,5,27.7451,-51.9728,561.277,1,0,-29.4255,0
154,9240,6,58.4146,-175.995,584.003,1,0,-29.3145,0
154,9240,7,-82.1093,123.194,569.086,1,0,-29.3873,0
155,9300,0,-19.4719,69.1094,557.883,1,0,-29.4421,0
155,9300,1,63.5851,-37.6697,522.06,1,0,-29.6191,0
155,9300,2,51.8137,40.8242,510.406,1,0,-29.6772,0
155,9300,3,-12.8776,-137.949,534.069,1,0,-29.5595,0
155,9300,4,-43.3306,-142.57,515.729,1,0,-29.6506,0
155,9300,5,30.5592,-49.3669,561.277,1,0,-29.4255,0
155,9300,6,61.7575,-172.869,584.003,1,0,-29.3145,0
155,9300,7,-79.354,106.885,569.086,1,0,-29.3873,0
156,9360,0,-22.1938,71.6394,557.883,1,0,-29.4421,0
156,9360,1,64.1202,-29.3937,522.06,1,0,-29.6191,0
156,9360,2,55.3721,42.8328,510.406,1,0,-29.6772,0
156,9360,3,-15.8585,-135.796,534.069,1,0,-29.5595,0
156,9360,4,-46.6473,-140.203,515.729,1,0,-29.6506,0
156,9360,5,33.3073,-46.5923,561.277,1,0,-29.4255,0
156,9360,6,64.9974,-168.934,584.003,1,0,-29.3145,0
156,9360,7,-76.126,97.5225,569.086,1,0,-29.3873,0
157,9420,0,-24.8666,74.2783,557.883,1,0,-29.4421,0
157,9420,1,64.1432,-20.9455,522.06,1,0,-29.6191,0
157,9420,2,58.8806,45.285,510.406,1,0,-29.6772,0
157,9420,3,-18.8121,-133.57,534.069,1,0,-29.5595,0
157,9420,4,-49.8967,-137.498,515.729,1,0,-29.6506,0
157,9420,5,35.9773,-43.6237,561.277,1,0,-29.4255,0
157,9420,6,68.0884,-163.874,584.003,1,0,-29.3145,0
157,9420,7,-72.6878,91.6297,569.086,1,0,-29.3873,0
158,9480,0,-27.4815,77.0436,557.883,1,0,-29.4421,0
158,9480,1,63.6527,-12.6419,522.06,1,0,-29.6191,0
158,9480,2,62.32,48.3412,510.406,1,0,-29.6772,0
158,9480,3,-21.7318,-131.257,534.069,1,0,-29.5595,0
158,9480,4,-53.06,-134.372,515.729,1,0,-29.6506,0
158,9480,5,38.5553,-40.4336,561.277,1,0,-29.4255,0
158,9480,6,70.9574,-157.238,584.003,1,0,-29.3145,0
158,9480,7,-69.143,87.5823,569.086,0.92,1,36.7019,1.75013
159,9540,0,-30.0281,79.9536,557.883,1,0,-29.4421,0
159,9540,1,62.6766,-4.76791,522.06,1,0,-29.6191,0
159,9540,2,65.6608,52.2387,510.406,1,0,-29.6772,0
159,9540,3,-24.6105,-128.838,534.069,1,0,-29.5595,0
159,9540,4,-56.1129,-130.721,515.729,1,0,-29.6506,0
159,9540,5,41.0254,-36.9931,561.277,1,0,-29.4255,0
159,9540,6,73.4884,-148.431,584.003,1,0,-29.3145,0
159,9540,7,-65.5381,84.6042,569.086,0.94,0,-29.3873,0
160,9600,0,-32.4954,83.0277,557.883,1,0,-29.4421,0
160,9600,1,61.2645,2.47785,522.06,1,0,-29.6191,0
160,9600,2,68.856,57.3332,510.406,0.92,1,-28.5753,9.99695
160,9600,3,-27.4398,-126.294,534.069,1,0,-29.5595,0
160,9600,4,-59.0219,-126.414,515.729,1,0,-29.6506,0
160,9600,5,43.3686,-33.2726,561.277,1,0,-29.4255,0
160,9600,6,75.5028,-136.841,584.003,1,0,-29.3145,0
160,9600,7,-61.8962,82.2925,569.086,0.96,0,-29.3873,0
161,9660,0,-34.8704,86.2858,557.883,1,0,-29.4421,0
161,9660,1,59.477,8.99872,522.06,1,0,-29.6191,0
161,9660,2,71.8283,64.154,510.406,0.94,0,-29.6772,0
161,9660,3,-30.2105,-123.605,534.069,1,0,-29.5595,0
161,9660,4,-61.742,-121.296,515.729,1,0,-29.6506,0
161,9660,5,45.5636,-29.2436,561.277,1,0,-29.4255,0
161,9660,6,76.7626,-122.337,584.003,1,0,-29.3145,0
161,9660,7,-58.2301,80.421,569.086,0.98,0,-29.3873,0
162,9720,0,-37.1386,89.7476,557.883,1,0,-29.4421,0
162,9720,1,57.3764,14.7838,522.06,1,0,-29.6191,0
162,9720,2,74.4493,73.4378,510.406,0.96,0,-29.6772,0
162,9720,3,-32.9119,-120.748,534.069,1,0,-29.5595,0
162,9720,4,-64.2129,-115.19,515.729,1,0,-29.6506,0
162,9720,5,47.5862,-24.8809,561.277,1,0,-29.4255,0
162,9720,6,77.0456,-106.065,584.003,1,0,-29.3145,0
162,9720,7,-54.5473,78.854,569.086,1,0,-29.3873,0
163,9780,0,-39.2841,93.4325,557.883,1,0,-29.4421,0
163,9780,1,55.0195,19.8779,522.06,1,0,-29.6191,0
163,9780,2,76.5122,85.983,510.406,0.98,0,-29.6772,0
163,9780,3,-35.5315,-117.698,534.069,1,0,-29.5595,0
163,9780,4,-66.356,-107.931,515.729,1,0,-29.6506,0
163,9780,5,49.4095,-20.1667,561.277,1,0,-29.4255,0
163,9780,6,76.2912,-90.3658,584.003,1,0,-29.3145,0
163,9780,7,-50.8526,77.5055,569.086,1,0,-29.3873,0
164,9840,0,-41.289,97.3577,557.883,1,0,-29.4421,0
164,9840,1,52.455,24.3544,522.06,1,0,-29.6191,0
164,9840,2,77.7322,101.959,510.406,1,0,-29.6772,0
164,9840,3,-38.0552,-114.429,534.069,1,0,-29.5595,0
164,9840,4,-68.0744,-99.4235,515.729,1,0,-29.6506,0
164,9840,5,51.0045,-15.0946,561.277,1,0,-29.4255,0
164,9840,6,74.6517,-77.1583,584.003,1,0,-29.3145,0
164,9840,7,-47.149,76.3186,569.086,1,0,-29.3873,0
165,9900,0,-43.1336,101.537,557.883,1,0,-29.4421,0
165,9900,1,49.7232,28.2947,522.06,1,0,-29.6191,0
165,9900,2,77.8525,119.752,510.406,1,0,-29.6772,0
165,9900,3,-40.4667,-110.915,534.069,1,0,-29.5595,0
165,9900,4,-69.2622,-89.7435,515.729,1,0,-29.6506,0
165,9900,5,52.3414,-9.67567,561.277,1,0,-29.4255,0
165,9900,6,72.3723,-66.9149,584.003,1,0,-29.3145,0
165,9900,7,-43.4389,75.254,569.086,1,0,-29.3873,0
166,9960,0,-44.7971,105.977,557.883,1,0,-29.4421,0
166,9960,1,46.8565,31.778,522.06,1,0,-29.6191,0
166,9960,2,76.8429,136.307,510.406,1,0,-29.6772,0
166,9960,3,-42.747,-107.128,534.069,1,0,-29.5595,0
166,9960,4,-69.825,-79.2331,515.729,1,0,-29.6506,0
166,9960,5,53.3912,-3.94268,561.277,1,0,-29.4255,0
166,9960,6,69.6673,-59.1908,584.003,1,0,-29.3145,0
166,9960,7,-39.7236,74.2835,569.086,1,0,-29.3873,0
167,10020,0,-46.2577,110.678,557.883,1,0,-29.4421,0
167,10020,1,43.8809,34.876,522.06,0.92,1,-35.3437,12.1558
167,10020,2,74.9289,149.588,510.406,1,0,-29.6772,0
167,10020,3,-44.875,-103.043,534.069,1,0,-29.5595,0
167,10020,4,-69.7109,-68.4922,515.729,1,0,-29.6506,0
167,10020,5,54.1282,2.04635,561.277,1,0,-29.4255,0
167,10020,6,66.6844,-53.3478,584.003,1,0,-29.3145,0
167,10020,7,-36.0044,73.3868,569.086,1,0,-29.3873,0
168,10080,0,-47.4934,115.628,557.883,1,0,-29.4421,0
168,10080,1,40.8169,37.6507,522.06,0.94,0,-29.6191,0
168,10080,2,72.4032,159.485,510.406,1,0,-29.6772,0
168,10080,3,-46.8268,-98.6405,534.069,1,0,-29.5595,0
168,10080,4,-68.9307,-58.2029,515.729,1,0,-29.6506,0
168,10080,5,54.5326,8.20939,561.277,1,0,-29.4255,0
168,10080,6,63.5176,-48.8538,584.003,1,0,-29.3145,0
168,10080,7,-32.282,72.5484,569.086,1,0,-29.3873,0
169,10140,0,-48.4834,120.804,557.883,1,0,-29.4421,0
169,10140,1,37.6809,40.1553,522.06,0.96,0,-29.6191,0
169,10140,2,69.4907,166.747,510.406,1,0,-29.6772,0
169,10140,3,-48.5762,-93.9061,534.069,1,0,-29.5595,0
169,10140,4,-67.554,-48.8912,515.729,1,0,-29.6506,0
169,10140,5,54.5927,14.4456,561.277,1,0,-29.4255,0
169,10140,6,60.2257,-45.3244,584.003,1,0,-29.3145,0
169,10140,7,-28.5571,71.7564,569.086,1,0,-29.3873,0
170,10200,0,-49.2092,126.165,557.883,1,0,-29.4421,0
170,10200,1,34.4861,42.4341,522.06,0.98,0,-29.6191,0
170,10200,2,66.3338,172.148,510.406,0.92,1,-7.38935,18.8473
170,10200,3,-50.0958,-88.839,534.069,1,0,-29.5595,0
170,10200,4,-65.6821,-40.8032,515.729,1,0,-29.6506,0
170,10200,5,54.3069,20.6461,561.277,1,0,-29.4255,0
170,10200,6,56.846,-42.4936,584.003,1,0,-29.3145,0
170,10200,7,-24.8302,71.0015,569.086,1,0,-29.3873,0
171,10260,0,-49.6559,131.662,557.883,1,0,-29.4421,0
171,10260,1,31.243,44.5248,522.06,1,0,-29.6191,0
171,10260,2,63.0184,176.258,510.406,0.94,0,-29.6772,0
171,10260,3,-51.3574,-83.4544,534.069,1,0,-29.5595,0
171,10260,4,-63.4196,-33.9454,515.729,1,0,-29.6506,0
171,10260,5,53.6833,26.7059,561.277,1,0,-29.4255,0
171,10260,6,53.4031,-40.178,584.003,1,0,-29.3145,0
171,10260,7,-21.1017,70.2761,569.086,1,0,-29.3873,0
172,10320,0,-49.8141,137.229,557.883,1,0,-29.4421,0
172,10320,1,27.9603,46.459,522.06,1,0,-29.6191,0
172,10320,2,59.5965,179.465,510.406,0.96,0,-29.6772,0
172,10320,3,-52.3346,-77.7879,534.069,1,0,-29.5595,0
172,10320,4,-60.8575,-28.1893,515.729,1,0,-29.6506,0
172,10320,5,52.7392,32.5355,561.277,1,0,-29.4255,0
172,10320,6,49.9134,-38.2494,584.003,1,0,-29.3145,0
172,10320,7,-17.372,69.5739,569.086,1,0,-29.3873,0
173,10380,0,-49.6801,142.8,557.883,1,0,-29.4421,0
173,10380,1,24.6451,48.2635,522.06,1,0,-29.6191,0
173,10380,2,56.1004,-177.973,510.406,0.98,0,-29.6772,0
173,10380,3,-53.0042,-71.8975,534.069,1,0,-29.5595,0
173,10380,4,-58.0684,-23.3611,515.729,1,0,-29.6506,0
173,10380,5,51.4987,38.0683,561.277,1,0,-29.4255,0
173,10380,6,46.3884,-36.6165,584.003,1,0,-29.3145,0
173,10380,7,-13.6412,68.8899,569.086,1,0,-29.3873,0
174,10440,0,-49.2571,148.305,557.883,1,0,-29.4421,0
174,10440,1,21.3035,49.9612,522.06,1,0,-29.6191,0
174,10440,2,52.551,-175.884,510.406,1,0,-29.6772,0
174,10440,3,-53.3491,-65.8612,534.069,1,0,-29.5595,0
174,10440,4,-55.1071,-19.2896,515.729,1,0,-29.6506,0
174,10440,5,49.9898,43.2629,561.277,1,0,-29.4255,0
174,10440,6,42.8363,-35.2133,584.003,1,0,-29.3145,0
174,10440,7,-9.90983,68.2193,569.086,1,0,-29.3873,0
175,10500,0,-48.5541,153.68,557.883,1,0,-29.4421,0
175,10500,1,17.9404,51.5719,522.06,1,0,-29.6191,0
175,10500,2,48.9625,-174.146,510.406,1,0,-29.6772,0
175,10500,3,-53.3598,-59.7723,534.069,1,0,-29.5595,0
175,10500,4,-52.0141,-15.827,515.729,1,0,-29.6506,0
175,10500,5,48.2423,48.1012,561.277,1,0,-29.4255,0
175,10500,6,39.2629,-33.9905,584.003,1,0,-29.3145,0
175,10500,7,-6.17784,67.5582,569.086,1,0,-29.3873,0
176,10560,0,-47.5854,158.873,557.883,1,0,-29.4421,0
176,10560,1,14.5603,53.1129,522.06,1,0,-29.6191,0
176,10560,2,45.3445,-172.677,510.406,1,0,-29.6772,0
176,10560,3,-53.0361,-53.7298,534.069,1,0,-29.5595,0
176,10560,4,-48.8195,-12.852,515.729,1,0,-29.6506,0
176,10560,5,46.2856,52.5842,561.277,1,0,-29.4255,0
176,10560,6,35.6728,-32.9112,584.003,1,0,-29.3145,0
176,10560,7,-2.44561,66.9028,569.086,1,0,-29.3873,0
177,10620,0,-46.3693,163.843,557.883,1,0,-29.4421,0
177,10620,1,11.1669,54.5998,522.06,1,0,-29.6191,0
177,10620,2,41.7037,-171.415,510.406,1,0,-29.6772,0
177,10620,3,-52.3868,-47.8274,534.069,1,0,-29.5595,0
177,10620,4,-45.5459,-10.2683,515.729,1,0,-29.6506,0
177,10620,5,44.1474,56.7263,561.277,1,0,-29.4255,0
177,10620,6,32.0694,-31.9467,584.003,1,0,-29.3145,0
177,10620,7,1.28681,66.2497,569.086,1,0,-29.3873,0
178,10680,0,-44.9266,168.565,557.883,1,0,-29.4421,0
178,10680,1,7.76384,56.0463,522.06,1,0,-29.6191,0
178,10680,2,38.0452,-170.316,510.406,1,0,-29.6772,0
178,10680,3,-51.4287,-42.1446,534.069,1,0,-29.5595,0
178,10680,4,-42.21,-7.99962,515.729,1,0,-29.6506,0
178,10680,5,41.853,60.5506,561.277,1,0,-29.4255,0
178,10680,6,28.4552,-31.0746,584.003,1,0,-29.3145,0
178,10680,7,5.0191,65.5954,569.086,1,0,-29.3873,0
179,10740,0,-43.2791,173.028,557.883,1,0,-29.4421,0
179,10740,1,4.35409,57.4655,522.06,1,0,-29.6191,0
179,10740,2,34.3727,-169.346,510.406,1,0,-29.6772,0
179,10740,3,-50.1844,-36.7407,534.069,1,0,-29.5595,0
179,10740,4,-38.8245,-5.98567,515.729,1,0,-29.6506,0
179,10740,5,39.4247,64.0848,561.277,1,0,-29.4255,0
179,10740,6,24.8324,-30.2769,584.003,1,0,-29.3145,0
179,10740,7,8.7512,64.9365,569.086,1,0,-29.3873,0
180,10800,0,-41.4487,177.228,557.883,1,0,-29.4421,0
180,10800,1,0.940683,58.8696,522.06,1,0,-29.6191,0
180,10800,2,30.6892,-168.479,510.406,1,0,-29.6772,0
180,10800,3,-48.6805,-31.6526,534.069,1,0,-29.5595,0
180,10800,4,-35.3992,-4.1786,515.729,1,0,-29.6506,0
180,10800,5,36.8821,67.3584,561.277,1,0,-29.4255,0
180,10800,6,21.2027,-29.539,584.003,1,0,-29.3145,0
180,10800,7,12.4828,64.2693,569.086,1,0,-29.3873,0
